seed,curve_key,Q,R_Q,n_aggregated_seeds
"111,112,113,114,115,116,117,118,119,120",target,0,0.0,10
"111,112,113,114,115,116,117,118,119,120",uniform,0,0.0,10
"111,112,113,114,115,116,117,118,119,120",spectral,0,0.0,10
"111,112,113,114,115,116,117,118,119,120",parity_sim,0,0.0,10
"111,112,113,114,115,116,117,118,119,120",parity_hw,0,0.0,10
"111,112,113,114,115,116,117,118,119,120",mse_sim,0,0.0,10
"111,112,113,114,115,116,117,118,119,120",mse_hw,0,0.0,10
"111,112,113,114,115,116,117,118,119,120",target,1,0.0015655250447401607,10
"111,112,113,114,115,116,117,118,119,120",uniform,1,0.000244140625,10
"111,112,113,114,115,116,117,118,119,120",spectral,1,0.000800880113517719,10
"111,112,113,114,115,116,117,118,119,120",parity_sim,1,0.0015272633477850035,10
"111,112,113,114,115,116,117,118,119,120",parity_hw,1,0.0008289366769387828,10
"111,112,113,114,115,116,117,118,119,120",mse_sim,1,0.0014823356291228714,10
"111,112,113,114,115,116,117,118,119,120",mse_hw,1,0.0008114898484384259,10
"111,112,113,114,115,116,117,118,119,120",target,2,0.003126593938221229,10
"111,112,113,114,115,116,117,118,119,120",uniform,2,0.0004882216453552246,10
"111,112,113,114,115,116,117,118,119,120",spectral,2,0.0016008673724037775,10
"111,112,113,114,115,116,117,118,119,120",parity_sim,2,0.0030473241929723496,10
"111,112,113,114,115,116,117,118,119,120",parity_hw,2,0.0016561423139634303,10
"111,112,113,114,115,116,117,118,119,120",mse_sim,2,0.0029574030466829942,10
"111,112,113,114,115,116,117,118,119,120",mse_hw,2,0.0016212883531537645,10
"111,112,113,114,115,116,117,118,119,120",target,3,0.004683230654886684,10
"111,112,113,114,115,116,117,118,119,120",uniform,3,0.0007322430756175891,10
"111,112,113,114,115,116,117,118,119,120",spectral,3,0.0023999629558508996,10
"111,112,113,114,115,116,117,118,119,120",parity_sim,3,0.004560246700296153,10
"111,112,113,114,115,116,117,118,119,120",parity_hw,3,0.002481623603927663,10
"111,112,113,114,115,116,117,118,119,120",mse_sim,3,0.004425270807353272,10
"111,112,113,114,115,116,117,118,119,120",mse_hw,3,0.0024294020853958967,10
"111,112,113,114,115,116,117,118,119,120",target,4,0.0062354589555646414,10
"111,112,113,114,115,116,117,118,119,120",uniform,4,0.0009762049303354559,10
"111,112,113,114,115,116,117,118,119,120",spectral,4,0.0031981680412974203,10
"111,112,113,114,115,116,117,118,119,120",parity_sim,4,0.0060660942253980684,10
"111,112,113,114,115,116,117,118,119,120",parity_hw,4,0.0033053872017814595,10
"111,112,113,114,115,116,117,118,119,120",mse_sim,4,0.005886006555742976,10
"111,112,113,114,115,116,117,118,119,120",mse_hw,4,0.00323583758013042,10
"111,112,113,114,115,116,117,118,119,120",target,5,0.007783302390164432,10
"111,112,113,114,115,116,117,118,119,120",uniform,5,0.0012201072240536348,10
"111,112,113,114,115,116,117,118,119,120",spectral,5,0.003995483804430115,10
"111,112,113,114,115,116,117,118,119,120",parity_sim,5,0.007564929327026083,10
"111,112,113,114,115,116,117,118,119,120",parity_hw,5,0.004127439724839632,10
"111,112,113,114,115,116,117,118,119,120",mse_sim,5,0.007339677040988202,10
"111,112,113,114,115,116,117,118,119,120",mse_hw,5,0.004040601336281525,10
"111,112,113,114,115,116,117,118,119,120",target,6,0.009326784300330302,10
"111,112,113,114,115,116,117,118,119,120",uniform,6,0.001463949971313383,10
"111,112,113,114,115,116,117,118,119,120",spectral,6,0.004791911419187065,10
"111,112,113,114,115,116,117,118,119,120",parity_sim,6,0.009056813779031178,10
"111,112,113,114,115,116,117,118,119,120",parity_hw,6,0.004947787753048152,10
"111,112,113,114,115,116,117,118,119,120",mse_sim,6,0.008786348131079577,10
"111,112,113,114,115,116,117,118,119,120",mse_hw,6,0.004843699816973032,10
"111,112,113,114,115,116,117,118,119,120",target,7,0.01086592782205433,10
"111,112,113,114,115,116,117,118,119,120",uniform,7,0.0017077331866524048,10
"111,112,113,114,115,116,117,118,119,120",spectral,7,0.005587452057760492,10
"111,112,113,114,115,116,117,118,119,120",parity_sim,7,0.010541808582165411,10
"111,112,113,114,115,116,117,118,119,120",parity_hw,7,0.005766437829248315,10
"111,112,113,114,115,116,117,118,119,120",mse_sim,7,0.010226084826932366,10
"111,112,113,114,115,116,117,118,119,120",mse_hw,7,0.0056451394497675726,10
"111,112,113,114,115,116,117,118,119,120",target,8,0.012400755888247812,10
"111,112,113,114,115,116,117,118,119,120",uniform,8,0.001951456884604852,10
"111,112,113,114,115,116,117,118,119,120",spectral,8,0.006382106890599601,10
"111,112,113,114,115,116,117,118,119,120",parity_sim,8,0.012019973975684908,10
"111,112,113,114,115,116,117,118,119,120",parity_hw,8,0.006583396459438571,10
"111,112,113,114,115,116,117,118,119,120",mse_sim,8,0.011658951276203842,10
"111,112,113,114,115,116,117,118,119,120",mse_hw,8,0.006444926626903831,10
"111,112,113,114,115,116,117,118,119,120",target,9,0.013931291231273221,10
"111,112,113,114,115,116,117,118,119,120",uniform,9,0.0021951210797014342,10
"111,112,113,114,115,116,117,118,119,120",spectral,9,0.007175877086413407,10
"111,112,113,114,115,116,117,118,119,120",parity_sim,9,0.013491369448761111,10
"111,112,113,114,115,116,117,118,119,120",parity_hw,9,0.007398670113034719,10
"111,112,113,114,115,116,117,118,119,120",mse_sim,9,0.01308501078686301,10
"111,112,113,114,115,116,117,118,119,120",mse_hw,9,0.007243067705532421,10
"111,112,113,114,115,116,117,118,119,120",target,10,0.015457556385436175,10
"111,112,113,114,115,116,117,118,119,120",uniform,10,0.002438725786469087,10
"111,112,113,114,115,116,117,118,119,120",spectral,10,0.007968763812173565,10
"111,112,113,114,115,116,117,118,119,120",parity_sim,10,0.01495605375170371,10
"111,112,113,114,115,116,117,118,119,120",parity_hw,10,0.008212265223127376,10
"111,112,113,114,115,116,117,118,119,120",mse_sim,10,0.014504325840517345,10
"111,112,113,114,115,116,117,118,119,120",mse_hw,10,0.008039569007949473,10
"111,112,113,114,115,116,117,118,119,120",target,11,0.016979573689439566,10
"111,112,113,114,115,116,117,118,119,120",uniform,11,0.0026822710194314148,10
"111,112,113,114,115,116,117,118,119,120",spectral,11,0.008760768233117193,10
"111,112,113,114,115,116,117,118,119,120",parity_sim,11,0.016414084906998506,10
"111,112,113,114,115,116,117,118,119,120",parity_hw,11,0.009024188186738013,10
"111,112,113,114,115,116,117,118,119,120",mse_sim,11,0.01591695810550126,10
"111,112,113,114,115,116,117,118,119,120",mse_hw,11,0.008834436821829038,10
"111,112,113,114,115,116,117,118,119,120",target,12,0.018497365288798636,10
"111,112,113,114,115,116,117,118,119,120",uniform,12,0.0029257567931082473,10
"111,112,113,114,115,116,117,118,119,120",spectral,12,0.009551891512749686,10
"111,112,113,114,115,116,117,118,119,120",parity_sim,12,0.017865520220163408,10
"111,112,113,114,115,116,117,118,119,120",parity_hw,12,0.009834445365072279,10
"111,112,113,114,115,116,117,118,119,120",mse_sim,12,0.017322968449730986,10
"111,112,113,114,115,116,117,118,119,120",mse_hw,12,0.009627677400453163,10
"111,112,113,114,115,116,117,118,119,120",target,13,0.020010953138219652,10
"111,112,113,114,115,116,117,118,119,120",uniform,13,0.003169183122016195,10
"111,112,113,114,115,116,117,118,119,120",spectral,13,0.01034213481284754,10
"111,112,113,114,115,116,117,118,119,120",parity_sim,13,0.019310416290425788,10
"111,112,113,114,115,116,117,118,119,120",parity_hw,13,0.010643043083771878,10
"111,112,113,114,115,116,117,118,119,120",mse_sim,13,0.0187224169533303,10
"111,112,113,114,115,116,117,118,119,120",mse_hw,13,0.010419296962940791,10
"111,112,113,114,115,116,117,118,119,120",target,14,0.02152035900394119,10
"111,112,113,114,115,116,117,118,119,120",uniform,14,0.0034125500206680925,10
"111,112,113,114,115,116,117,118,119,120",spectral,14,0.011131499293461144,10
"111,112,113,114,115,116,117,118,119,120",parity_sim,14,0.020748829021224293,10
"111,112,113,114,115,116,117,118,119,120",parity_hw,14,0.011449987633163882,10
"111,112,113,114,115,116,117,118,119,120",mse_sim,14,0.020115362921031527,10
"111,112,113,114,115,116,117,118,119,120",mse_hw,14,0.011209301694474512,10
"111,112,113,114,115,116,117,118,119,120",target,15,0.02302560446604019,10
"111,112,113,114,115,116,117,118,119,120",uniform,15,0.0036558575035731122,10
"111,112,113,114,115,116,117,118,119,120",spectral,15,0.011919986112917594,10
"111,112,113,114,115,116,117,118,119,120",parity_sim,15,0.022180813630538095,10
"111,112,113,114,115,116,117,118,119,120",parity_hw,15,0.012255285268508513,10
"111,112,113,114,115,116,117,118,119,120",mse_sim,15,0.02150186489435622,10
"111,112,113,114,115,116,117,118,119,120",mse_hw,15,0.01199769774652599,10
"111,112,113,114,115,116,117,118,119,120",target,17,0.026023699582453614,10
"111,112,113,114,115,116,117,118,119,120",uniform,17,0.004142294280162773,10
"111,112,113,114,115,116,117,118,119,120",spectral,17,0.01349433139306774,10
"111,112,113,114,115,116,117,118,119,120",parity_sim,17,0.025025715990123255,10
"111,112,113,114,115,116,117,118,119,120",parity_hw,17,0.013860964644232929,10
"111,112,113,114,115,116,117,118,119,120",mse_sim,17,0.02425576727948334,10
"111,112,113,114,115,116,117,118,119,120",mse_hw,17,0.01356968825085333,10
"111,112,113,114,115,116,117,118,119,120",target,18,0.027516591486369806,10
"111,112,113,114,115,116,117,118,119,120",uniform,18,0.004385423602848326,10
"111,112,113,114,115,116,117,118,119,120",spectral,18,0.01428019216182431,10
"111,112,113,114,115,116,117,118,119,120",parity_sim,18,0.026438740839663983,10
"111,112,113,114,115,116,117,118,119,120",parity_hw,18,0.014661358721998493,10
"111,112,113,114,115,116,117,118,119,120",mse_sim,18,0.025623281064899705,10
"111,112,113,114,115,116,117,118,119,120",mse_hw,18,0.014353294839521222,10
"111,112,113,114,115,116,117,118,119,120",target,19,0.02900540749023518,10
"111,112,113,114,115,116,117,118,119,120",uniform,19,0.004628493567789049,10
"111,112,113,114,115,116,117,118,119,120",spectral,19,0.015065179885555053,10
"111,112,113,114,115,116,117,118,119,120",parity_sim,19,0.027845551785757046,10
"111,112,113,114,115,116,117,118,119,120",parity_hw,19,0.015460130560969537,10
"111,112,113,114,115,116,117,118,119,120",mse_sim,19,0.026984577626052754,10
"111,112,113,114,115,116,117,118,119,120",mse_hw,19,0.015135317021929754,10
"111,112,113,114,115,116,117,118,119,120",target,20,0.030490168276682012,10
"111,112,113,114,115,116,117,118,119,120",uniform,20,0.004871504189476572,10
"111,112,113,114,115,116,117,118,119,120",spectral,20,0.015849295714012453,10
"111,112,113,114,115,116,117,118,119,120",parity_sim,20,0.029246200768193276,10
"111,112,113,114,115,116,117,118,119,120",parity_hw,20,0.016257286244715626,10
"111,112,113,114,115,116,117,118,119,120",mse_sim,20,0.02833971186369877,10
"111,112,113,114,115,116,117,118,119,120",mse_hw,20,0.015915760784315926,10
"111,112,113,114,115,116,117,118,119,120",target,21,0.031970894355291116,10
"111,112,113,114,115,116,117,118,119,120",uniform,21,0.005114455482399083,10
"111,112,113,114,115,116,117,118,119,120",spectral,21,0.016632540795242443,10
"111,112,113,114,115,116,117,118,119,120",parity_sim,21,0.030640739099821606,10
"111,112,113,114,115,116,117,118,119,120",parity_hw,21,0.01705283182318351,10
"111,112,113,114,115,116,117,118,119,120",mse_sim,21,0.02968873798407088,10
"111,112,113,114,115,116,117,118,119,120",mse_hw,21,0.016694632080522513,10
"111,112,113,114,115,116,117,118,119,120",target,23,0.034920323574453495,10
"111,112,113,114,115,116,117,118,119,120",uniform,23,0.005600180139883615,10
"111,112,113,114,115,116,117,118,119,120",spectral,23,0.01819642329968755,10
"111,112,113,114,115,116,117,118,119,120",parity_sim,23,0.0334116859824078,10
"111,112,113,114,115,116,117,118,119,120",parity_hw,23,0.018639116697359043,10
"111,112,113,114,115,116,117,118,119,120",mse_sim,23,0.03236867928963358,10
"111,112,113,114,115,116,117,118,119,120",mse_hw,23,0.018247680929077296,10
"111,112,113,114,115,116,117,118,119,120",target,25,0.03785385584123372,10
"111,112,113,114,115,116,117,118,119,120",uniform,25,0.006085667656076654,10
"111,112,113,114,115,116,117,118,119,120",spectral,25,0.0197568365492312,10
"111,112,113,114,115,116,117,118,119,120",parity_sim,25,0.036158790743448785,10
"111,112,113,114,115,116,117,118,119,120",parity_hw,25,0.020219032919456422,10
"111,112,113,114,115,116,117,118,119,120",mse_sim,25,0.03502482170603108,10
"111,112,113,114,115,116,117,118,119,120",mse_hw,25,0.019794510558533637,10
"111,112,113,114,115,116,117,118,119,120",target,27,0.04077164920960413,10
"111,112,113,114,115,116,117,118,119,120",uniform,27,0.0065709181467557,10
"111,112,113,114,115,116,117,118,119,120",spectral,27,0.02131378966708572,10
"111,112,113,114,115,116,117,118,119,120",parity_sim,27,0.03888244223542044,10
"111,112,113,114,115,116,117,118,119,120",parity_hw,27,0.021792627702250492,10
"111,112,113,114,115,116,117,118,119,120",mse_sim,27,0.037657574952999776,10
"111,112,113,114,115,116,117,118,119,120",mse_hw,27,0.021335167455039793,10
"111,112,113,114,115,116,117,118,119,120",target,29,0.04367385915587774,10
"111,112,113,114,115,116,117,118,119,120",uniform,29,0.007055931727641851,10
"111,112,113,114,115,116,117,118,119,120",spectral,29,0.022867291749422782,10
"111,112,113,114,115,116,117,118,119,120",parity_sim,29,0.04158302012693153,10
"111,112,113,114,115,116,117,118,119,120",parity_hw,29,0.023359947742551977,10
"111,112,113,114,115,116,117,118,119,120",mse_sim,29,0.040267338624568015,10
"111,112,113,114,115,116,117,118,119,120",mse_hw,29,0.022869697606568144,10
"111,112,113,114,115,116,117,118,119,120",target,31,0.046560638638745856,10
"111,112,113,114,115,116,117,118,119,120",uniform,31,0.0075407085143994745,10
"111,112,113,114,115,116,117,118,119,120",spectral,31,0.02441735186546109,10
"111,112,113,114,115,116,117,118,119,120",parity_sim,31,0.04426089516751563,10
"111,112,113,114,115,116,117,118,119,120",parity_hw,31,0.02492103922831451,10
"111,112,113,114,115,116,117,118,119,120",mse_sim,31,0.042854502495925394,10
"111,112,113,114,115,116,117,118,119,120",mse_hw,31,0.02439814650943336,10
"111,112,113,114,115,116,117,118,119,120",target,34,0.05086220430292576,10
"111,112,113,114,115,116,117,118,119,120",uniform,34,0.008267429958422126,10
"111,112,113,114,115,116,117,118,119,120",spectral,34,0.02673600812553086,10
"111,112,113,114,115,116,117,118,119,120",parity_sim,34,0.048235929640162406,10
"111,112,113,114,115,116,117,118,119,120",parity_hw,34,0.027251097719988265,10
"111,112,113,114,115,116,117,118,119,120",mse_sim,34,0.046693702947052114,10
"111,112,113,114,115,116,117,118,119,120",mse_hw,34,0.026679515853099706,10
"111,112,113,114,115,116,117,118,119,120",target,36,0.05371106082077175,10
"111,112,113,114,115,116,117,118,119,120",uniform,36,0.008751615265520263,10
"111,112,113,114,115,116,117,118,119,120",spectral,36,0.02827750282756194,10
"111,112,113,114,115,116,117,118,119,120",parity_sim,36,0.05085861334170816,10
"111,112,113,114,115,116,117,118,119,120",parity_hw,36,0.028796816615134946,10
"111,112,113,114,115,116,117,118,119,120",mse_sim,36,0.04922601079445869,10
"111,112,113,114,115,116,117,118,119,120",mse_hw,36,0.028192957511870776,10
"111,112,113,114,115,116,117,118,119,120",target,39,0.057956426208419586,10
"111,112,113,114,115,116,117,118,119,120",uniform,39,0.009477450031459167,10
"111,112,113,114,115,116,117,118,119,120",spectral,39,0.03058335311252623,10
"111,112,113,114,115,116,117,118,119,120",parity_sim,39,0.05475248376851782,10
"111,112,113,114,115,116,117,118,119,120",parity_hw,39,0.031104025963619587,10
"111,112,113,114,115,116,117,118,119,120",mse_sim,39,0.05298462813508581,10
"111,112,113,114,115,116,117,118,119,120",mse_hw,39,0.030452022709520955,10
"111,112,113,114,115,116,117,118,119,120",target,42,0.062168712810895324,10
"111,112,113,114,115,116,117,118,119,120",uniform,42,0.010202753309916712,10
"111,112,113,114,115,116,117,118,119,120",spectral,42,0.0328815600930213,10
"111,112,113,114,115,116,117,118,119,120",parity_sim,42,0.058599160486616675,10
"111,112,113,114,115,116,117,118,119,120",parity_hw,42,0.03339772393727193,10
"111,112,113,114,115,116,117,118,119,120",mse_sim,42,0.05669647014281073,10
"111,112,113,114,115,116,117,118,119,120",mse_hw,42,0.03269790072958956,10
"111,112,113,114,115,116,117,118,119,120",target,46,0.06773444533872687,10
"111,112,113,114,115,116,117,118,119,120",uniform,46,0.011168998262168032,10
"111,112,113,114,115,116,117,118,119,120",spectral,46,0.03593399839575276,10
"111,112,113,114,115,116,117,118,119,120",parity_sim,46,0.06365651483509283,10
"111,112,113,114,115,116,117,118,119,120",parity_hw,46,0.036435221654925035,10
"111,112,113,114,115,116,117,118,119,120",mse_sim,46,0.06157477827511741,10
"111,112,113,114,115,116,117,118,119,120",mse_hw,46,0.0356721393458371,10
"111,112,113,114,115,116,117,118,119,120",target,50,0.07324327917674682,10
"111,112,113,114,115,116,117,118,119,120",uniform,50,0.012134299961333127,10
"111,112,113,114,115,116,117,118,119,120",spectral,50,0.03897297285671248,10
"111,112,113,114,115,116,117,118,119,120",parity_sim,50,0.06863435258908548,10
"111,112,113,114,115,116,117,118,119,120",parity_hw,50,0.039449296756229754,10
"111,112,113,114,115,116,117,118,119,120",mse_sim,50,0.0663745036571721,10
"111,112,113,114,115,116,117,118,119,120",mse_hw,50,0.038623523536879284,10
"111,112,113,114,115,116,117,118,119,120",target,54,0.0786962602317271,10
"111,112,113,114,115,116,117,118,119,120",uniform,54,0.013098659328220075,10
"111,112,113,114,115,116,117,118,119,120",spectral,54,0.04199855391168307,10
"111,112,113,114,115,116,117,118,119,120",parity_sim,54,0.07353502941448264,10
"111,112,113,114,115,116,117,118,119,120",parity_hw,54,0.04244028099019117,10
"111,112,113,114,115,116,117,118,119,120",mse_sim,54,0.0710980975160901,10
"111,112,113,114,115,116,117,118,119,120",mse_hw,54,0.04155238066194103,10
"111,112,113,114,115,116,117,118,119,120",target,58,0.08409440334637065,10
"111,112,113,114,115,116,117,118,119,120",uniform,58,0.014062077282738509,10
"111,112,113,114,115,116,117,118,119,120",spectral,58,0.04501081158097285,10
"111,112,113,114,115,116,117,118,119,120",parity_sim,58,0.07836079825038522,10
"111,112,113,114,115,116,117,118,119,120",parity_hw,58,0.04540849914888245,10
"111,112,113,114,115,116,117,118,119,120",mse_sim,58,0.07574789969133786,10
"111,112,113,114,115,116,117,118,119,120",mse_hw,58,0.04445903130781988,10
"111,112,113,114,115,116,117,118,119,120",target,63,0.09076646438388052,10
"111,112,113,114,115,116,117,118,119,120",uniform,63,0.015265027264714348,10
"111,112,113,114,115,116,117,118,119,120",spectral,63,0.04875750366008017,10
"111,112,113,114,115,116,117,118,119,120",parity_sim,63,0.08429094532694646,10
"111,112,113,114,115,116,117,118,119,120",parity_hw,63,0.04908724090768211,10
"111,112,113,114,115,116,117,118,119,120",mse_sim,63,0.0814597778147959,10
"111,112,113,114,115,116,117,118,119,120",mse_hw,63,0.048061594477919585,10
"111,112,113,114,115,116,117,118,119,120",target,68,0.09735623996340952,10
"111,112,113,114,115,116,117,118,119,120",uniform,68,0.016466509518726878,10
"111,112,113,114,115,116,117,118,119,120",spectral,68,0.0524836217324946,10
"111,112,113,114,115,116,117,118,119,120",parity_sim,68,0.09011142030540033,10
"111,112,113,114,115,116,117,118,119,120",parity_hw,68,0.0527315137936456,10
"111,112,113,114,115,116,117,118,119,120",mse_sim,68,0.08706398918551606,10
"111,112,113,114,115,116,117,118,119,120",mse_hw,68,0.05163054932214265,10
"111,112,113,114,115,116,117,118,119,120",target,73,0.10386552574382299,10
"111,112,113,114,115,116,117,118,119,120",uniform,73,0.01766652583556175,10
"111,112,113,114,115,116,117,118,119,120",spectral,73,0.05618929985670161,10
"111,112,113,114,115,116,117,118,119,120",parity_sim,73,0.09582602356360918,10
"111,112,113,114,115,116,117,118,119,120",parity_hw,73,0.05634190893539689,10
"111,112,113,114,115,116,117,118,119,120",mse_sim,73,0.09256445638413871,10
"111,112,113,114,115,116,117,118,119,120",mse_hw,73,0.05516647979295095,10
"111,112,113,114,115,116,117,118,119,120",target,79,0.111572857902338,10
"111,112,113,114,115,116,117,118,119,120",uniform,79,0.019104612896884976,10
"111,112,113,114,115,116,117,118,119,120",spectral,79,0.06060932017232956,10
"111,112,113,114,115,116,117,118,119,120",parity_sim,79,0.102548859048715,10
"111,112,113,114,115,116,117,118,119,120",parity_hw,79,0.06063047455845383,10
"111,112,113,114,115,116,117,118,119,120",mse_sim,79,0.09903328763156898,10
"111,112,113,114,115,116,117,118,119,120",mse_hw,79,0.059366804631628134,10
"111,112,113,114,115,116,117,118,119,120",target,85,0.1191696588364598,10
"111,112,113,114,115,116,117,118,119,120",uniform,85,0.020540594670696084,10
"111,112,113,114,115,116,117,118,119,120",spectral,85,0.06500032663069914,10
"111,112,113,114,115,116,117,118,119,120",parity_sim,85,0.10913030329232176,10
"111,112,113,114,115,116,117,118,119,120",parity_hw,85,0.06487205284609525,10
"111,112,113,114,115,116,117,118,119,120",mse_sim,85,0.1053641070147058,10
"111,112,113,114,115,116,117,118,119,120",mse_hw,85,0.0635213498441902,10
"111,112,113,114,115,116,117,118,119,120",target,92,0.12789657719970846,10
"111,112,113,114,115,116,117,118,119,120",uniform,92,0.022213250002155682,10
"111,112,113,114,115,116,117,118,119,120",spectral,92,0.07008679872039054,10
"111,112,113,114,115,116,117,118,119,120",parity_sim,92,0.116637314850357,10
"111,112,113,114,115,116,117,118,119,120",parity_hw,92,0.06976242496921828,10
"111,112,113,114,115,116,117,118,119,120",mse_sim,92,0.11258317582315953,10
"111,112,113,114,115,116,117,118,119,120",mse_hw,92,0.06831169547370826,10
"111,112,113,114,115,116,117,118,119,120",target,100,0.1376959661443125,10
"111,112,113,114,115,116,117,118,119,120",uniform,100,0.0241213586871146,10
"111,112,113,114,115,116,117,118,119,120",spectral,100,0.07585238596144375,10
"111,112,113,114,115,116,117,118,119,120",parity_sim,100,0.12500084337793865,10
"111,112,113,114,115,116,117,118,119,120",parity_hw,100,0.0752765213560001,10
"111,112,113,114,115,116,117,118,119,120",mse_sim,100,0.12062371745453285,10
"111,112,113,114,115,116,117,118,119,120",mse_hw,100,0.07371345000046126,10
"111,112,113,114,115,116,117,118,119,120",target,107,0.14612246845758675,10
"111,112,113,114,115,116,117,118,119,120",uniform,107,0.025787899029029705,10
"111,112,113,114,115,116,117,118,119,120",spectral,107,0.08085608631124623,10
"111,112,113,114,115,116,117,118,119,120",parity_sim,107,0.13213858989696142,10
"111,112,113,114,115,116,117,118,119,120",parity_hw,107,0.08003737811401153,10
"111,112,113,114,115,116,117,118,119,120",mse_sim,107,0.1274843412735796,10
"111,112,113,114,115,116,117,118,119,120",mse_hw,107,0.07837771766032657,10
"111,112,113,114,115,116,117,118,119,120",target,116,0.1567600115605656,10
"111,112,113,114,115,116,117,118,119,120",uniform,116,0.02792641254797127,10
"111,112,113,114,115,116,117,118,119,120",spectral,116,0.08723351219571311,10
"111,112,113,114,115,116,117,118,119,120",parity_sim,116,0.14108028836981168,10
"111,112,113,114,115,116,117,118,119,120",parity_hw,116,0.0860729858426764,10
"111,112,113,114,115,116,117,118,119,120",mse_sim,116,0.13607745537606342,10
"111,112,113,114,115,116,117,118,119,120",mse_hw,116,0.08429145984612856,10
"111,112,113,114,115,116,117,118,119,120",target,125,0.16718356402424778,10
"111,112,113,114,115,116,117,118,119,120",uniform,125,0.03006023177080841,10
"111,112,113,114,115,116,117,118,119,120",spectral,125,0.09354872311338452,10
"111,112,113,114,115,116,117,118,119,120",parity_sim,125,0.1497700872120687,10
"111,112,113,114,115,116,117,118,119,120",parity_hw,125,0.09201494248746384,10
"111,112,113,114,115,116,117,118,119,120",mse_sim,125,0.14442750840604632,10
"111,112,113,114,115,116,117,118,119,120",mse_hw,125,0.09011413368980134,10
"111,112,113,114,115,116,117,118,119,120",target,135,0.17852315696276633,10
"111,112,113,114,115,116,117,118,119,120",uniform,135,0.03242564889491066,10
"111,112,113,114,115,116,117,118,119,120",spectral,135,0.10049353271379538,10
"111,112,113,114,115,116,117,118,119,120",parity_sim,135,0.15914566318432538,10
"111,112,113,114,115,116,117,118,119,120",parity_hw,135,0.09851046478449936,10
"111,112,113,114,115,116,117,118,119,120",mse_sim,135,0.1534360907812679,10
"111,112,113,114,115,116,117,118,119,120",mse_hw,135,0.09648011363096974,10
"111,112,113,114,115,116,117,118,119,120",target,146,0.19071319078164245,10
"111,112,113,114,115,116,117,118,119,120",uniform,146,0.03502094553602488,10
"111,112,113,114,115,116,117,118,119,120",spectral,146,0.10804630119406193,10
"111,112,113,114,115,116,117,118,119,120",parity_sim,146,0.16913740627760435,10
"111,112,113,114,115,116,117,118,119,120",parity_hw,146,0.10552983594056153,10
"111,112,113,114,115,116,117,118,119,120",mse_sim,146,0.16303699700587562,10
"111,112,113,114,115,116,117,118,119,120",mse_hw,146,0.1033605843259143,10
"111,112,113,114,115,116,117,118,119,120",target,158,0.20368608267337204,10
"111,112,113,114,115,116,117,118,119,120",uniform,158,0.037844239559830316,10
"111,112,113,114,115,116,117,118,119,120",spectral,158,0.11618376520108145,10
"111,112,113,114,115,116,117,118,119,120",parity_sim,158,0.17967598589465233,10
"111,112,113,114,115,116,117,118,119,120",parity_hw,158,0.11304209973854507,10
"111,112,113,114,115,116,117,118,119,120",mse_sim,158,0.17316458103401894,10
"111,112,113,114,115,116,117,118,119,120",mse_hw,158,0.11072556082707039,10
"111,112,113,114,115,116,117,118,119,120",target,171,0.21737310787886205,10
"111,112,113,114,115,116,117,118,119,120",uniform,171,0.04089348735656776,10
"111,112,113,114,115,116,117,118,119,120",spectral,171,0.12488117777688734,10
"111,112,113,114,115,116,117,118,119,120",parity_sim,171,0.19069335531302756,10
"111,112,113,114,115,116,117,118,119,120",parity_hw,171,0.12101541206150408,10
"111,112,113,114,115,116,117,118,119,120",mse_sim,171,0.18375469966718894,10
"111,112,113,114,115,116,117,118,119,120",mse_hw,171,0.11854423471760471,10
"111,112,113,114,115,116,117,118,119,120",target,184,0.2306950656553839,10
"111,112,113,114,115,116,117,118,119,120",uniform,184,0.04393307152865321,10
"111,112,113,114,115,116,117,118,119,120",spectral,184,0.13345767505696596,10
"111,112,113,114,115,116,117,118,119,120",parity_sim,184,0.20132144295824053,10
"111,112,113,114,115,116,117,118,119,120",parity_hw,184,0.12882342817572898,10
"111,112,113,114,115,116,117,118,119,120",mse_sim,184,0.19397401888193427,10
"111,112,113,114,115,116,117,118,119,120",mse_hw,184,0.12620265594727115,10
"111,112,113,114,115,116,117,118,119,120",target,199,0.24563357375731715,10
"111,112,113,114,115,116,117,118,119,120",uniform,199,0.047428315983023155,10
"111,112,113,114,115,116,117,118,119,120",spectral,199,0.143205994309681,10
"111,112,113,114,115,116,117,118,119,120",parity_sim,199,0.2131325001966708,10
"111,112,113,114,115,116,117,118,119,120",parity_hw,199,0.13763521424481695,10
"111,112,113,114,115,116,117,118,119,120",mse_sim,199,0.20533594353899676,10
"111,112,113,114,115,116,117,118,119,120",mse_hw,199,0.13484799844499304,10
"111,112,113,114,115,116,117,118,119,120",target,200,0.24661350598242643,10
"111,112,113,114,115,116,117,118,119,120",uniform,200,0.047660877429316365,10
"111,112,113,114,115,116,117,118,119,120",spectral,200,0.1438503271903468,10
"111,112,113,114,115,116,117,118,119,120",parity_sim,200,0.2139034668115142,10
"111,112,113,114,115,116,117,118,119,120",parity_hw,200,0.13821534841001187,10
"111,112,113,114,115,116,117,118,119,120",mse_sim,200,0.20607781178201545,10
"111,112,113,114,115,116,117,118,119,120",mse_hw,200,0.13541726854311148,10
"111,112,113,114,115,116,117,118,119,120",target,215,0.26108093474133676,10
"111,112,113,114,115,116,117,118,119,120",uniform,215,0.05114249355651264,10
"111,112,113,114,115,116,117,118,119,120",spectral,215,0.15343308763358038,10
"111,112,113,114,115,116,117,118,119,120",parity_sim,215,0.22523304562843216,10
"111,112,113,114,115,116,117,118,119,120",parity_hw,215,0.14681070973988725,10
"111,112,113,114,115,116,117,118,119,120",mse_sim,215,0.21698331314178257,10
"111,112,113,114,115,116,117,118,119,120",mse_hw,215,0.14385310774383303,10
"111,112,113,114,115,116,117,118,119,120",target,232,0.2769705993620305,10
"111,112,113,114,115,116,117,118,119,120",uniform,232,0.05507294057814331,10
"111,112,113,114,115,116,117,118,119,120",spectral,232,0.1641097477901621,10
"111,112,113,114,115,116,117,118,119,120",parity_sim,232,0.23756655948079136,10
"111,112,113,114,115,116,117,118,119,120",parity_hw,232,0.15631753906157653,10
"111,112,113,114,115,116,117,118,119,120",mse_sim,232,0.22886362127343376,10
"111,112,113,114,115,116,117,118,119,120",mse_hw,232,0.15318683417914164,10
"111,112,113,114,115,116,117,118,119,120",target,251,0.2941254770603038,10
"111,112,113,114,115,116,117,118,119,120",uniform,251,0.05944652939470707,10
"111,112,113,114,115,116,117,118,119,120",spectral,251,0.17581632639280892,10
"111,112,113,114,115,116,117,118,119,120",parity_sim,251,0.250759953499441,10
"111,112,113,114,115,116,117,118,119,120",parity_hw,251,0.16666106039985273,10
"111,112,113,114,115,116,117,118,119,120",mse_sim,251,0.2415835313137522,10
"111,112,113,114,115,116,117,118,119,120",mse_hw,251,0.16334634773551002,10
"111,112,113,114,115,116,117,118,119,120",target,271,0.31153225911695615,10
"111,112,113,114,115,116,117,118,119,120",uniform,271,0.0640284395671876,10
"111,112,113,114,115,116,117,118,119,120",spectral,271,0.18788717464868743,10
"111,112,113,114,115,116,117,118,119,120",parity_sim,271,0.2640248777193197,10
"111,112,113,114,115,116,117,118,119,120",parity_hw,271,0.17724304401275331,10
"111,112,113,114,115,116,117,118,119,120",mse_sim,271,0.2543858266460407,10
"111,112,113,114,115,116,117,118,119,120",mse_hw,271,0.1737451637088993,10
"111,112,113,114,115,116,117,118,119,120",target,292,0.3291318738466223,10
"111,112,113,114,115,116,117,118,119,120",uniform,292,0.06881542444581258,10
"111,112,113,114,115,116,117,118,119,120",spectral,292,0.20029048653839063,10
"111,112,113,114,115,116,117,118,119,120",parity_sim,292,0.27731921862299125,10
"111,112,113,114,115,116,117,118,119,120",parity_hw,292,0.1880332676271605,10
"111,112,113,114,115,116,117,118,119,120",mse_sim,292,0.2672315771716042,10
"111,112,113,114,115,116,117,118,119,120",mse_hw,292,0.1843543631331917,10
"111,112,113,114,115,116,117,118,119,120",target,316,0.3484467141783617,10
"111,112,113,114,115,116,117,118,119,120",uniform,316,0.0742562926517982,10
"111,112,113,114,115,116,117,118,119,120",spectral,316,0.21413482560829172,10
"111,112,113,114,115,116,117,118,119,120",parity_sim,316,0.291782096162158,10
"111,112,113,114,115,116,117,118,119,120",parity_hw,316,0.19998359240096647,10
"111,112,113,114,115,116,117,118,119,120",mse_sim,316,0.28122523303636887,10
"111,112,113,114,115,116,117,118,119,120",mse_hw,316,0.19611154365179,10
"111,112,113,114,115,116,117,118,119,120",target,341,0.36771642596399434,10
"111,112,113,114,115,116,117,118,119,120",uniform,341,0.07989006118942397,10
"111,112,113,114,115,116,117,118,119,120",spectral,341,0.2281915435189407,10
"111,112,113,114,115,116,117,118,119,120",parity_sim,341,0.30608805487403884,10
"111,112,113,114,115,116,117,118,119,120",parity_hw,341,0.2120229953490747,10
"111,112,113,114,115,116,117,118,119,120",mse_sim,341,0.2950878989074624,10
"111,112,113,114,115,116,117,118,119,120",mse_hw,341,0.20796479982764304,10
"111,112,113,114,115,116,117,118,119,120",target,368,0.38761706027885456,10
"111,112,113,114,115,116,117,118,119,120",uniform,368,0.08593602828336466,10
"111,112,113,114,115,116,117,118,119,120",spectral,368,0.24296809109695933,10
"111,112,113,114,115,116,117,118,119,120",parity_sim,368,0.3207434950042044,10
"111,112,113,114,115,116,117,118,119,120",parity_hw,368,0.22458397544288217,10
"111,112,113,114,115,116,117,118,119,120",mse_sim,368,0.309312149508442,10
"111,112,113,114,115,116,117,118,119,120",mse_hw,368,0.22034130516161082,10
"111,112,113,114,115,116,117,118,119,120",target,398,0.4086948086637844,10
"111,112,113,114,115,116,117,118,119,120",uniform,398,0.09260718680906123,10
"111,112,113,114,115,116,117,118,119,120",spectral,398,0.25891003996676176,10
"111,112,113,114,115,116,117,118,119,120",parity_sim,398,0.3361456359536165,10
"111,112,113,114,115,116,117,118,119,120",parity_hw,398,0.23803515860295557,10
"111,112,113,114,115,116,117,118,119,120",mse_sim,398,0.32428748085019327,10
"111,112,113,114,115,116,117,118,119,120",mse_hw,398,0.233606790407929,10
"111,112,113,114,115,116,117,118,119,120",target,400,0.4100631538558569,10
"111,112,113,114,115,116,117,118,119,120",uniform,400,0.09305019562130047,10
"111,112,113,114,115,116,117,118,119,120",spectral,400,0.2599554356531651,10
"111,112,113,114,115,116,117,118,119,120",parity_sim,400,0.3371415457839423,10
"111,112,113,114,115,116,117,118,119,120",parity_hw,400,0.23891379689291373,10
"111,112,113,114,115,116,117,118,119,120",mse_sim,400,0.32525675016347755,10
"111,112,113,114,115,116,117,118,119,120",mse_hw,400,0.2344737459272253,10
"111,112,113,114,115,116,117,118,119,120",target,420,0.4235038357914992,10
"111,112,113,114,115,116,117,118,119,120",uniform,420,0.09746840539297655,10
"111,112,113,114,115,116,117,118,119,120",spectral,420,0.2702922990448755,10
"111,112,113,114,115,116,117,118,119,120",parity_sim,420,0.3468997750219669,10
"111,112,113,114,115,116,117,118,119,120",parity_hw,420,0.24758029017994274,10
"111,112,113,114,115,116,117,118,119,120",mse_sim,420,0.3347602224619569,10
"111,112,113,114,115,116,117,118,119,120",mse_hw,420,0.24302805711010356,10
"111,112,113,114,115,116,117,118,119,120",target,429,0.42941164615248456,10
"111,112,113,114,115,116,117,118,119,120",uniform,429,0.09944957152139502,10
"111,112,113,114,115,116,117,118,119,120",spectral,429,0.27487530819393124,10
"111,112,113,114,115,116,117,118,119,120",parity_sim,429,0.35117563506187294,10
"111,112,113,114,115,116,117,118,119,120",parity_hw,429,0.2514106425959945,10
"111,112,113,114,115,116,117,118,119,120",mse_sim,429,0.33892807581820883,10
"111,112,113,114,115,116,117,118,119,120",mse_hw,429,0.24681063148605173,10
"111,112,113,114,115,116,117,118,119,120",target,440,0.43651755583864144,10
"111,112,113,114,115,116,117,118,119,120",uniform,440,0.10186509183723973,10
"111,112,113,114,115,116,117,118,119,120",spectral,440,0.2804198987883094,10
"111,112,113,114,115,116,117,118,119,120",parity_sim,440,0.356308412226538,10
"111,112,113,114,115,116,117,118,119,120",parity_hw,440,0.25603517017446087,10
"111,112,113,114,115,116,117,118,119,120",mse_sim,440,0.343934147505807,10
"111,112,113,114,115,116,117,118,119,120",mse_hw,440,0.2513789867061595,10
"111,112,113,114,115,116,117,118,119,120",target,460,0.44912385329257615,10
"111,112,113,114,115,116,117,118,119,120",uniform,460,0.1062403598050694,10
"111,112,113,114,115,116,117,118,119,120",spectral,460,0.29034331428721305,10
"111,112,113,114,115,116,117,118,119,120",parity_sim,460,0.36538828416078517,10
"111,112,113,114,115,116,117,118,119,120",parity_hw,460,0.2642870980443323,10
"111,112,113,114,115,116,117,118,119,120",mse_sim,460,0.35279781721489434,10
"111,112,113,114,115,116,117,118,119,120",mse_hw,460,0.2595348906684804,10
"111,112,113,114,115,116,117,118,119,120",target,464,0.4515978490322509,10
"111,112,113,114,115,116,117,118,119,120",uniform,464,0.10711285237236237,10
"111,112,113,114,115,116,117,118,119,120",spectral,464,0.29230393234868884,10
"111,112,113,114,115,116,117,118,119,120",parity_sim,464,0.3671665140482639,10
"111,112,113,114,115,116,117,118,119,120",parity_hw,464,0.26591385416187835,10
"111,112,113,114,115,116,117,118,119,120",mse_sim,464,0.3545349003948969,10
"111,112,113,114,115,116,117,118,119,120",mse_hw,464,0.26114336651799985,10
"111,112,113,114,115,116,117,118,119,120",target,481,0.4619419241435473,10
"111,112,113,114,115,116,117,118,119,120",uniform,481,0.11081145369681164,10
"111,112,113,114,115,116,117,118,119,120",spectral,481,0.3005485498447331,10
"111,112,113,114,115,116,117,118,119,120",parity_sim,481,0.3745891682592837,10
"111,112,113,114,115,116,117,118,119,120",parity_hw,481,0.27274209197826405,10
"111,112,113,114,115,116,117,118,119,120",mse_sim,481,0.36179005005562764,10
"111,112,113,114,115,116,117,118,119,120",mse_hw,481,0.26789725961398814,10
"111,112,113,114,115,116,117,118,119,120",target,500,0.4731859843498044,10
"111,112,113,114,115,116,117,118,119,120",uniform,500,0.11492705716392801,10
"111,112,113,114,115,116,117,118,119,120",spectral,500,0.30959721356912795,10
"111,112,113,114,115,116,117,118,119,120",parity_sim,500,0.382636482310591,10
"111,112,113,114,115,116,117,118,119,120",parity_hw,500,0.2802141645969424,10
"111,112,113,114,115,116,117,118,119,120",mse_sim,500,0.3696635357372374,10
"111,112,113,114,115,116,117,118,119,120",mse_hw,500,0.2752924831352943,10
"111,112,113,114,115,116,117,118,119,120",target,501,0.4737687583240149,10
"111,112,113,114,115,116,117,118,119,120",uniform,501,0.11514313942536185,10
"111,112,113,114,115,116,117,118,119,120",spectral,501,0.310068680260952,10
"111,112,113,114,115,116,117,118,119,120",parity_sim,501,0.3830530083791401,10
"111,112,113,114,115,116,117,118,119,120",parity_hw,501,0.2806028805179138,10
"111,112,113,114,115,116,117,118,119,120",mse_sim,501,0.37007128512301274,10
"111,112,113,114,115,116,117,118,119,120",mse_hw,501,0.2756773323314642,10
"111,112,113,114,115,116,117,118,119,120",target,521,0.4852402546463127,10
"111,112,113,114,115,116,117,118,119,120",uniform,521,0.1194537233287388,10
"111,112,113,114,115,116,117,118,119,120",spectral,521,0.3193992706998913,10
"111,112,113,114,115,116,117,118,119,120",parity_sim,521,0.3912415770474408,10
"111,112,113,114,115,116,117,118,119,120",parity_hw,521,0.28828407189605876,10
"111,112,113,114,115,116,117,118,119,120",mse_sim,521,0.3780917256140195,10
"111,112,113,114,115,116,117,118,119,120",mse_hw,521,0.28328482430415936,10
"111,112,113,114,115,116,117,118,119,120",target,541,0.4963713850023283,10
"111,112,113,114,115,116,117,118,119,120",uniform,541,0.1237433082045705,10
"111,112,113,114,115,116,117,118,119,120",spectral,541,0.3285448585900415,10
"111,112,113,114,115,116,117,118,119,120",parity_sim,541,0.39916969134582087,10
"111,112,113,114,115,116,117,118,119,120",parity_hw,541,0.2957924502561675,10
"111,112,113,114,115,116,117,118,119,120",mse_sim,541,0.3858650633597736,10
"111,112,113,114,115,116,117,118,119,120",mse_hw,541,0.29072623040754747,10
"111,112,113,114,115,116,117,118,119,120",target,562,0.5077081472321472,10
"111,112,113,114,115,116,117,118,119,120",uniform,562,0.12822488404591287,10
"111,112,113,114,115,116,117,118,119,120",spectral,562,0.33795344460531324,10
"111,112,113,114,115,116,117,118,119,120",parity_sim,562,0.40722887230265004,10
"111,112,113,114,115,116,117,118,119,120",parity_hw,562,0.30349726425486445,10
"111,112,113,114,115,116,117,118,119,120",mse_sim,562,0.3937749649724191,10
"111,112,113,114,115,116,117,118,119,120",mse_hw,562,0.2983676531380467,10
"111,112,113,114,115,116,117,118,119,120",target,582,0.5181846479064058,10
"111,112,113,114,115,116,117,118,119,120",uniform,582,0.1324717401755642,10
"111,112,113,114,115,116,117,118,119,120",spectral,582,0.34673344418578944,10
"111,112,113,114,115,116,117,118,119,120",parity_sim,582,0.4146647780169224,10
"111,112,113,114,115,116,117,118,119,120",parity_hw,582,0.31067102841807887,10
"111,112,113,114,115,116,117,118,119,120",mse_sim,582,0.40108031272243005,10
"111,112,113,114,115,116,117,118,119,120",mse_hw,582,0.3054873547769851,10
"111,112,113,114,115,116,117,118,119,120",target,584,0.5192156031706758,10
"111,112,113,114,115,116,117,118,119,120",uniform,584,0.13289528624996788,10
"111,112,113,114,115,116,117,118,119,120",spectral,584,0.34760192113113125,10
"111,112,113,114,115,116,117,118,119,120",parity_sim,584,0.4153959876178118,10
"111,112,113,114,115,116,117,118,119,120",parity_hw,584,0.3113798249842267,10
"111,112,113,114,115,116,117,118,119,120",mse_sim,584,0.4017990545013063,10
"111,112,113,114,115,116,117,118,119,120",mse_hw,584,0.3061910729235239,10
"111,112,113,114,115,116,117,118,119,120",target,602,0.5283612354752764,10
"111,112,113,114,115,116,117,118,119,120",uniform,602,0.1366979077277884,10
"111,112,113,114,115,116,117,118,119,120",spectral,602,0.3553415315480503,10
"111,112,113,114,115,116,117,118,119,120",parity_sim,602,0.4218789605150869,10
"111,112,113,114,115,116,117,118,119,120",parity_hw,602,0.31769046349287644,10
"111,112,113,114,115,116,117,118,119,120",mse_sim,602,0.40817437679962004,10
"111,112,113,114,115,116,117,118,119,120",mse_hw,602,0.3124586075155017,10
"111,112,113,114,115,116,117,118,119,120",target,622,0.5382496879795915,10
"111,112,113,114,115,116,117,118,119,120",uniform,622,0.1409034874870763,10
"111,112,113,114,115,116,117,118,119,120",spectral,622,0.3637817653604364,10
"111,112,113,114,115,116,117,118,119,120",parity_sim,622,0.42888232842069984,10
"111,112,113,114,115,116,117,118,119,120",parity_hw,622,0.3245609926788721,10
"111,112,113,114,115,116,117,118,119,120",mse_sim,622,0.4150672619401908,10
"111,112,113,114,115,116,117,118,119,120",mse_hw,622,0.3192865696896942,10
"111,112,113,114,115,116,117,118,119,120",target,630,0.5421269065029334,10
"111,112,113,114,115,116,117,118,119,120",uniform,630,0.14257997729096022,10
"111,112,113,114,115,116,117,118,119,120",spectral,630,0.3671117481252911,10
"111,112,113,114,115,116,117,118,119,120",parity_sim,630,0.4316269467126693,10
"111,112,113,114,115,116,117,118,119,120",parity_hw,630,0.3272686722034869,10
"111,112,113,114,115,116,117,118,119,120",mse_sim,630,0.4177702175756942,10
"111,112,113,114,115,116,117,118,119,120",mse_hw,630,0.3219787366596973,10
"111,112,113,114,115,116,117,118,119,120",target,643,0.5483346367703155,10
"111,112,113,114,115,116,117,118,119,120",uniform,643,0.14529729835540797,10
"111,112,113,114,115,116,117,118,119,120",spectral,643,0.3724676782431032,10
"111,112,113,114,115,116,117,118,119,120",parity_sim,643,0.4360200817168047,10
"111,112,113,114,115,116,117,118,119,120",parity_hw,643,0.3316204150514487,10
"111,112,113,114,115,116,117,118,119,120",mse_sim,643,0.42209857129688977,10
"111,112,113,114,115,116,117,118,119,120",mse_hw,643,0.32630705790965553,10
"111,112,113,114,115,116,117,118,119,120",target,663,0.5576665852917558,10
"111,112,113,114,115,116,117,118,119,120",uniform,663,0.14946098614722664,10
"111,112,113,114,115,116,117,118,119,120",spectral,663,0.38057604251747384,10
"111,112,113,114,115,116,117,118,119,120",parity_sim,663,0.4426222919479953,10
"111,112,113,114,115,116,117,118,119,120",parity_hw,663,0.33820149104981656,10
"111,112,113,114,115,116,117,118,119,120",mse_sim,663,0.4286078082354153,10
"111,112,113,114,115,116,117,118,119,120",mse_hw,663,0.33285627915501115,10
"111,112,113,114,115,116,117,118,119,120",target,681,0.5658462116010746,10
"111,112,113,114,115,116,117,118,119,120",uniform,681,0.1531909600137202,10
"111,112,113,114,115,116,117,118,119,120",spectral,681,0.3877399690688237,10
"111,112,113,114,115,116,117,118,119,120",parity_sim,681,0.44840851567126483,10
"111,112,113,114,115,116,117,118,119,120",parity_hw,681,0.3440097613495408,10
"111,112,113,114,115,116,117,118,119,120",mse_sim,681,0.434316840835841,10
"111,112,113,114,115,116,117,118,119,120",mse_hw,681,0.33864003387246877,10
"111,112,113,114,115,116,117,118,119,120",target,683,0.5667425643131776,10
"111,112,113,114,115,116,117,118,119,120",uniform,683,0.15360439051652366,10
"111,112,113,114,115,116,117,118,119,120",spectral,683,0.3885282700397004,10
"111,112,113,114,115,116,117,118,119,120",parity_sim,683,0.4490426003691437,10
"111,112,113,114,115,116,117,118,119,120",parity_hw,683,0.3446485662038167,10
"111,112,113,114,115,116,117,118,119,120",mse_sim,683,0.4349427085222103,10
"111,112,113,114,115,116,117,118,119,120",mse_hw,683,0.3392763497328172,10
"111,112,113,114,115,116,117,118,119,120",target,703,0.5755720338399948,10
"111,112,113,114,115,116,117,118,119,120",uniform,703,0.15772761027407647,10
"111,112,113,114,115,116,117,118,119,120",spectral,703,0.39632799603366,10
"111,112,113,114,115,116,117,118,119,120",parity_sim,703,0.4552892596641974,10
"111,112,113,114,115,116,117,118,119,120",parity_hw,703,0.3509660505686285,10
"111,112,113,114,115,116,117,118,119,120",mse_sim,703,0.4411109545061057,10
"111,112,113,114,115,116,117,118,119,120",mse_hw,703,0.3455714432977419,10
"111,112,113,114,115,116,117,118,119,120",target,724,0.5845874969059025,10
"111,112,113,114,115,116,117,118,119,120",uniform,724,0.16203537491538386,10
"111,112,113,114,115,116,117,118,119,120",spectral,724,0.4043574489091881,10
"111,112,113,114,115,116,117,118,119,120",parity_sim,724,0.4616698145785006,10
"111,112,113,114,115,116,117,118,119,120",parity_hw,724,0.3574645302039272,10
"111,112,113,114,115,116,117,118,119,120",mse_sim,724,0.4474161307353822,10
"111,112,113,114,115,116,117,118,119,120",mse_hw,724,0.3520511275563103,10
"111,112,113,114,115,116,117,118,119,120",target,735,0.5892087070834072,10
"111,112,113,114,115,116,117,118,119,120",uniform,735,0.16428302314455706,10
"111,112,113,114,115,116,117,118,119,120",spectral,735,0.4084991509516677,10
"111,112,113,114,115,116,117,118,119,120",parity_sim,735,0.46494184036001585,10
"111,112,113,114,115,116,117,118,119,120",parity_hw,735,0.36081488660659133,10
"111,112,113,114,115,116,117,118,119,120",mse_sim,735,0.45065133091261983,10
"111,112,113,114,115,116,117,118,119,120",mse_hw,735,0.3553934815258532,10
"111,112,113,114,115,116,117,118,119,120",target,744,0.5929392297651143,10
"111,112,113,114,115,116,117,118,119,120",uniform,744,0.16611752309711741,10
"111,112,113,114,115,116,117,118,119,120",spectral,744,0.4118555058024792,10
"111,112,113,114,115,116,117,118,119,120",parity_sim,744,0.46758413835862356,10
"111,112,113,114,115,116,117,118,119,120",parity_hw,744,0.36352926970263516,10
"111,112,113,114,115,116,117,118,119,120",mse_sim,744,0.45326478835301964,10
"111,112,113,114,115,116,117,118,119,120",mse_hw,744,0.3581022261464411,10
"111,112,113,114,115,116,117,118,119,120",target,764,0.6010705080061856,10
"111,112,113,114,115,116,117,118,119,120",uniform,764,0.17017978507688025,10
"111,112,113,114,115,116,117,118,119,120",spectral,764,0.41921156238255747,10
"111,112,113,114,115,116,117,118,119,120",parity_sim,764,0.4733469359355384,10
"111,112,113,114,115,116,117,118,119,120",parity_hw,764,0.36947662847870255,10
"111,112,113,114,115,116,117,118,119,120",mse_sim,764,0.4589674444424595,10
"111,112,113,114,115,116,117,118,119,120",mse_hw,764,0.36403988170624696,10
"111,112,113,114,115,116,117,118,119,120",target,784,0.6089890559291719,10
"111,112,113,114,115,116,117,118,119,120",uniform,784,0.17422225773039113,10
"111,112,113,114,115,116,117,118,119,120",spectral,784,0.42642887888793324,10
"111,112,113,114,115,116,117,118,119,120",parity_sim,784,0.4789645917319464,10
"111,112,113,114,115,116,117,118,119,120",parity_hw,784,0.37531024499952886,10
"111,112,113,114,115,116,117,118,119,120",mse_sim,784,0.4645300774840303,10
"111,112,113,114,115,116,117,118,119,120",mse_hw,784,0.36986752573073745,10
"111,112,113,114,115,116,117,118,119,120",target,794,0.612870870443729,10
"111,112,113,114,115,116,117,118,119,120",uniform,794,0.1762361032043564,10
"111,112,113,114,115,116,117,118,119,120",spectral,794,0.42998650489790774,10
"111,112,113,114,115,116,117,118,119,120",parity_sim,794,0.48172088353024634,10
"111,112,113,114,115,116,117,118,119,120",parity_hw,794,0.3781854924018961,10
"111,112,113,114,115,116,117,118,119,120",mse_sim,794,0.46726065946757445,10
"111,112,113,114,115,116,117,118,119,120",mse_hw,794,0.3727411231889356,10
"111,112,113,114,115,116,117,118,119,120",target,805,0.6170826320260276,10
"111,112,113,114,115,116,117,118,119,120",uniform,805,0.17844566123158498,10
"111,112,113,114,115,116,117,118,119,120",spectral,805,0.4338612144610606,10
"111,112,113,114,115,116,117,118,119,120",parity_sim,805,0.48471349315922796,10
"111,112,113,114,115,116,117,118,119,120",parity_hw,805,0.3813169291701685,10
"111,112,113,114,115,116,117,118,119,120",mse_sim,805,0.470226305572656,10
"111,112,113,114,115,116,117,118,119,120",mse_hw,805,0.3758717354442318,10
"111,112,113,114,115,116,117,118,119,120",target,825,0.6245877305870303,10
"111,112,113,114,115,116,117,118,119,120",uniform,825,0.18244786663477794,10
"111,112,113,114,115,116,117,118,119,120",spectral,825,0.44080394665260353,10
"111,112,113,114,115,116,117,118,119,120",parity_sim,825,0.49005202009023635,10
"111,112,113,114,115,116,117,118,119,120",parity_hw,825,0.38692807623508524,10
"111,112,113,114,115,116,117,118,119,120",mse_sim,825,0.4755191671149964,10
"111,112,113,114,115,116,117,118,119,120",mse_hw,825,0.38148394111214945,10
"111,112,113,114,115,116,117,118,119,120",target,845,0.631901518321107,10
"111,112,113,114,115,116,117,118,119,120",uniform,845,0.1864305752775824,10
"111,112,113,114,115,116,117,118,119,120",spectral,845,0.4476173628522925,10
"111,112,113,114,115,116,117,118,119,120",parity_sim,845,0.4952626833117538,10
"111,112,113,114,115,116,117,118,119,120",parity_hw,845,0.3924356182785955,10
"111,112,113,114,115,116,117,118,119,120",mse_sim,845,0.48068823333164623,10
"111,112,113,114,115,116,117,118,119,120",mse_hw,845,0.38699568512963667,10
"111,112,113,114,115,116,117,118,119,120",target,857,0.6362006323880657,10
"111,112,113,114,115,116,117,118,119,120",uniform,857,0.18881088154862896,10
"111,112,113,114,115,116,117,118,119,120",spectral,857,0.45164456203630554,10
"111,112,113,114,115,116,117,118,119,120",parity_sim,857,0.49832981188159,10
"111,112,113,114,115,116,117,118,119,120",parity_hw,857,0.39569168277876676,10
"111,112,113,114,115,116,117,118,119,120",mse_sim,857,0.4837322343374625,10
"111,112,113,114,115,116,117,118,119,120",mse_hw,857,0.3902557050875558,10
"111,112,113,114,115,116,117,118,119,120",target,865,0.6390303863940673,10
"111,112,113,114,115,116,117,118,119,120",uniform,865,0.19039388213854733,10
"111,112,113,114,115,116,117,118,119,120",spectral,865,0.45430439081461865,10
"111,112,113,114,115,116,117,118,119,120",parity_sim,865,0.5003505153839775,10
"111,112,113,114,115,116,117,118,119,120",parity_hw,865,0.3978425945076643,10
"111,112,113,114,115,116,117,118,119,120",mse_sim,865,0.4857382453692094,10
"111,112,113,114,115,116,117,118,119,120",mse_hw,865,0.3924098281870655,10
"111,112,113,114,115,116,117,118,119,120",target,886,0.6463233596716447,10
"111,112,113,114,115,116,117,118,119,120",uniform,886,0.1945345765866273,10
"111,112,113,114,115,116,117,118,119,120",spectral,886,0.4611928639910131,10
"111,112,113,114,115,116,117,118,119,120",parity_sim,886,0.5055657441464689,10
"111,112,113,114,115,116,117,118,119,120",parity_hw,886,0.40341487026447653,10
"111,112,113,114,115,116,117,118,119,120",mse_sim,886,0.49091753405755323,10
"111,112,113,114,115,116,117,118,119,120",mse_hw,886,0.39799263216894887,10
"111,112,113,114,115,116,117,118,119,120",target,906,0.6530919531014439,10
"111,112,113,114,115,116,117,118,119,120",uniform,906,0.1984584047712649,10
"111,112,113,114,115,116,117,118,119,120",spectral,906,0.4676296299471079,10
"111,112,113,114,115,116,117,118,119,120",parity_sim,906,0.5104163660571535,10
"111,112,113,114,115,116,117,118,119,120",parity_hw,906,0.40862465907986056,10
"111,112,113,114,115,116,117,118,119,120",mse_sim,906,0.49573726036596905,10
"111,112,113,114,115,116,117,118,119,120",mse_hw,906,0.4032151359528756,10
"111,112,113,114,115,116,117,118,119,120",target,926,0.6596934486873662,10
"111,112,113,114,115,116,117,118,119,120",uniform,926,0.20236311801046042,10
"111,112,113,114,115,116,117,118,119,120",spectral,926,0.47394847611459234,10
"111,112,113,114,115,116,117,118,119,120",parity_sim,926,0.5151578870117304,10
"111,112,113,114,115,116,117,118,119,120",parity_hw,926,0.4137423956124179,10
"111,112,113,114,115,116,117,118,119,120",mse_sim,926,0.500450904734934,10
"111,112,113,114,115,116,117,118,119,120",mse_hw,926,0.4083480488424275,10
"111,112,113,114,115,116,117,118,119,120",target,946,0.6661331925736139,10
"111,112,113,114,115,116,117,118,119,120",uniform,946,0.20624880942275353,10
"111,112,113,114,115,116,117,118,119,120",spectral,946,0.4801520350830346,10
"111,112,113,114,115,116,117,118,119,120",parity_sim,946,0.5197943378861488,10
"111,112,113,114,115,116,117,118,119,120",parity_hw,946,0.4187706457006466,10
"111,112,113,114,115,116,117,118,119,120",mse_sim,946,0.5050622865219545,10
"111,112,113,114,115,116,117,118,119,120",mse_hw,946,0.4133937845500695,10
"111,112,113,114,115,116,117,118,119,120",target,967,0.6727264411402265,10
"111,112,113,114,115,116,117,118,119,120",uniform,967,0.21030841455106217,10
"111,112,113,114,115,116,117,118,119,120",spectral,967,0.4865444997521798,10
"111,112,113,114,115,116,117,118,119,120",parity_sim,967,0.5245537114880388,10
"111,112,113,114,115,116,117,118,119,120",parity_hw,967,0.42395669371396816,10
"111,112,113,114,115,116,117,118,119,120",mse_sim,967,0.509798145129022,10
"111,112,113,114,115,116,117,118,119,120",mse_hw,967,0.41860051814083743,10
"111,112,113,114,115,116,117,118,119,120",target,987,0.6788503794610603,10
"111,112,113,114,115,116,117,118,119,120",uniform,987,0.2141554004179717,10
"111,112,113,114,115,116,117,118,119,120",spectral,987,0.49251966664695057,10
"111,112,113,114,115,116,117,118,119,120",parity_sim,987,0.5289865134744471,10
"111,112,113,114,115,116,117,118,119,120",parity_hw,987,0.42880909587056976,10
"111,112,113,114,115,116,117,118,119,120",mse_sim,987,0.5142110371081241,10
"111,112,113,114,115,116,117,118,119,120",mse_hw,987,0.4234746900046648,10
"111,112,113,114,115,116,117,118,119,120",target,1000,0.6827519456882081,10
"111,112,113,114,115,116,117,118,119,120",uniform,1000,0.21664588585949485,10
"111,112,113,114,115,116,117,118,119,120",spectral,1000,0.49634563878091703,10
"111,112,113,114,115,116,117,118,119,120",parity_sim,1000,0.5318172213380133,10
"111,112,113,114,115,116,117,118,119,120",parity_hw,1000,0.4319189040799844,10
"111,112,113,114,115,116,117,118,119,120",mse_sim,1000,0.5170300222377108,10
"111,112,113,114,115,116,117,118,119,120",mse_hw,1000,0.4265996661252964,10
"111,112,113,114,115,116,117,118,119,120",target,1007,0.6848275440229049,10
"111,112,113,114,115,116,117,118,119,120",uniform,1007,0.21798364567711226,10
"111,112,113,114,115,116,117,118,119,120",spectral,1007,0.4983871659019237,10
"111,112,113,114,115,116,117,118,119,120",parity_sim,1007,0.5333253197612458,10
"111,112,113,114,115,116,117,118,119,120",parity_hw,1007,0.4335792329758129,10
"111,112,113,114,115,116,117,118,119,120",mse_sim,1007,0.5185321875733186,10
"111,112,113,114,115,116,117,118,119,120",mse_hw,1007,0.4282684792530901,10
"111,112,113,114,115,116,117,118,119,120",target,1027,0.6906624482980926,10
"111,112,113,114,115,116,117,118,119,120",uniform,1027,0.22179324162343672,10
"111,112,113,114,115,116,117,118,119,120",spectral,1027,0.5041493677483231,10
"111,112,113,114,115,116,117,118,119,120",parity_sim,1027,0.5375734038173527,10
"111,112,113,114,115,116,117,118,119,120",parity_hw,1027,0.4382692914150951,10
"111,112,113,114,115,116,117,118,119,120",mse_sim,1027,0.5227647146419969,10
"111,112,113,114,115,116,117,118,119,120",mse_hw,1027,0.4329839439451115,10
"111,112,113,114,115,116,117,118,119,120",target,1048,0.6966407302182835,10
"111,112,113,114,115,116,117,118,119,120",uniform,1048,0.2257733454452549,10
"111,112,113,114,115,116,117,118,119,120",spectral,1048,0.5100888801599953,10
"111,112,113,114,115,116,117,118,119,120",parity_sim,1048,0.541939659118744,10
"111,112,113,114,115,116,117,118,119,120",parity_hw,1048,0.443109969639427,10
"111,112,113,114,115,116,117,118,119,120",mse_sim,1048,0.5271167363235053,10
"111,112,113,114,115,116,117,118,119,120",mse_hw,1048,0.4378530522213837,10
"111,112,113,114,115,116,117,118,119,120",target,1068,0.7021973645517907,10
"111,112,113,114,115,116,117,118,119,120",uniform,1068,0.229544993836523,10
"111,112,113,114,115,116,117,118,119,120",spectral,1068,0.5156423800937069,10
"111,112,113,114,115,116,117,118,119,120",parity_sim,1068,0.5460113401869665,10
"111,112,113,114,115,116,117,118,119,120",parity_hw,1068,0.44764236045168665,10
"111,112,113,114,115,116,117,118,119,120",mse_sim,1068,0.5311767233706255,10
"111,112,113,114,115,116,117,118,119,120",mse_hw,1068,0.44241406685723295,10
"111,112,113,114,115,116,117,118,119,120",target,1079,0.7051980378164485,10
"111,112,113,114,115,116,117,118,119,120",uniform,1079,0.23161156297133095,10
"111,112,113,114,115,116,117,118,119,120",spectral,1079,0.5186547101777159,10
"111,112,113,114,115,116,117,118,119,120",parity_sim,1079,0.5482157763592725,10
"111,112,113,114,115,116,117,118,119,120",parity_hw,1079,0.450103553937654,10
"111,112,113,114,115,116,117,118,119,120",mse_sim,1079,0.5333754558225323,10
"111,112,113,114,115,116,117,118,119,120",mse_hw,1079,0.44489160532675454,10
"111,112,113,114,115,116,117,118,119,120",target,1088,0.7076244350980841,10
"111,112,113,114,115,116,117,118,119,120",uniform,1088,0.233298268626851,10
"111,112,113,114,115,116,117,118,119,120",spectral,1088,0.5210974471795444,10
"111,112,113,114,115,116,117,118,119,120",parity_sim,1088,0.5500013474704625,10
"111,112,113,114,115,116,117,118,119,120",parity_hw,1088,0.4521008514966445,10
"111,112,113,114,115,116,117,118,119,120",mse_sim,1088,0.5351567267656496,10
"111,112,113,114,115,116,117,118,119,120",mse_hw,1088,0.4469025774059149,10
"111,112,113,114,115,116,117,118,119,120",target,1108,0.7129257829790533,10
"111,112,113,114,115,116,117,118,119,120",uniform,1108,0.237033259323315,10
"111,112,113,114,115,116,117,118,119,120",spectral,1108,0.5264562181634227,10
"111,112,113,114,115,116,117,118,119,120",parity_sim,1108,0.5539123716112753,10
"111,112,113,114,115,116,117,118,119,120",parity_hw,1108,0.4564873210721433,10
"111,112,113,114,115,116,117,118,119,120",mse_sim,1108,0.539059321729018,10
"111,112,113,114,115,116,117,118,119,120",mse_hw,1108,0.451320354882474,10
"111,112,113,114,115,116,117,118,119,120",target,1129,0.7183609306557333,10
"111,112,113,114,115,116,117,118,119,120",uniform,1129,0.2409354187530571,10
"111,112,113,114,115,116,117,118,119,120",spectral,1129,0.5319815676397066,10
"111,112,113,114,115,116,117,118,119,120",parity_sim,1129,0.5579367494194855,10
"111,112,113,114,115,116,117,118,119,120",parity_hw,1129,0.461017581967725,10
"111,112,113,114,115,116,117,118,119,120",mse_sim,1129,0.5430764262291886,10
"111,112,113,114,115,116,117,118,119,120",mse_hw,1129,0.4558847636119835,10
"111,112,113,114,115,116,117,118,119,120",target,1149,0.7234159476719209,10
"111,112,113,114,115,116,117,118,119,120",uniform,1149,0.24463320504068503,10
"111,112,113,114,115,116,117,118,119,120",spectral,1149,0.5371493870149703,10
"111,112,113,114,115,116,117,118,119,120",parity_sim,1149,0.5616937592531538,10
"111,112,113,114,115,116,117,118,119,120",parity_hw,1149,0.4652620000003117,10
"111,112,113,114,115,116,117,118,119,120",mse_sim,1149,0.5468279072217836,10
"111,112,113,114,115,116,117,118,119,120",mse_hw,1149,0.46016281533696557,10
"111,112,113,114,115,116,117,118,119,120",target,1165,0.7273770887919013,10
"111,112,113,114,115,116,117,118,119,120",uniform,1165,0.24757845992981248,10
"111,112,113,114,115,116,117,118,119,120",spectral,1165,0.5412186744619196,10
"111,112,113,114,115,116,117,118,119,120",parity_sim,1165,0.5646477742889667,10
"111,112,113,114,115,116,117,118,119,120",parity_hw,1165,0.4686094360547429,10
"111,112,113,114,115,116,117,118,119,120",mse_sim,1165,0.5497784174347451,10
"111,112,113,114,115,116,117,118,119,120",mse_hw,1165,0.46353787546583314,10
"111,112,113,114,115,116,117,118,119,120",target,1169,0.7283560859278946,10
"111,112,113,114,115,116,117,118,119,120",uniform,1169,0.2483129775469204,10
"111,112,113,114,115,116,117,118,119,120",spectral,1169,0.5422271025309929,10
"111,112,113,114,115,116,117,118,119,120",parity_sim,1169,0.5653792633780976,10
"111,112,113,114,115,116,117,118,119,120",parity_hw,1169,0.4694397242251915,10
"111,112,113,114,115,116,117,118,119,120",mse_sim,1169,0.5505091519551335,10
"111,112,113,114,115,116,117,118,119,120",mse_hw,1169,0.4643751632414694,10
"111,112,113,114,115,116,117,118,119,120",target,1189,0.733184637593608,10
"111,112,113,114,115,116,117,118,119,120",uniform,1189,0.2519748240259756,10
"111,112,113,114,115,116,117,118,119,120",spectral,1189,0.547216642888875,10
"111,112,113,114,115,116,117,118,119,120",parity_sim,1189,0.5689954970295371,10
"111,112,113,114,115,116,117,118,119,120",parity_hw,1189,0.4735523799720477,10
"111,112,113,114,115,116,117,118,119,120",mse_sim,1189,0.5541223089973921,10
"111,112,113,114,115,116,117,118,119,120",mse_hw,1189,0.46852334371210996,10
"111,112,113,114,115,116,117,118,119,120",target,1210,0.7381379913424574,10
"111,112,113,114,115,116,117,118,119,120",uniform,1210,0.2558005654882081,10
"111,112,113,114,115,116,117,118,119,120",spectral,1210,0.5523628191623056,10
"111,112,113,114,115,116,117,118,119,120",parity_sim,1210,0.5727203285617645,10
"111,112,113,114,115,116,117,118,119,120",parity_hw,1210,0.4778023555962462,10
"111,112,113,114,115,116,117,118,119,120",mse_sim,1210,0.5578450946500764,10
"111,112,113,114,115,116,117,118,119,120",mse_hw,1210,0.4728114972989991,10
"111,112,113,114,115,116,117,118,119,120",target,1230,0.7427475830551589,10
"111,112,113,114,115,116,117,118,119,120",uniform,1230,0.2594259361512386,10
"111,112,113,114,115,116,117,118,119,120",spectral,1230,0.557177429748491,10
"111,112,113,114,115,116,117,118,119,120",parity_sim,1230,0.5762011428708075,10
"111,112,113,114,115,116,117,118,119,120",parity_hw,1230,0.4817864709678207,10
"111,112,113,114,115,116,117,118,119,120",mse_sim,1230,0.5613250101136471,10
"111,112,113,114,115,116,117,118,119,120",mse_hw,1230,0.47683272374161356,10
"111,112,113,114,115,116,117,118,119,120",target,1250,0.7472549121866199,10
"111,112,113,114,115,116,117,118,119,120",uniform,1250,0.26303364580589533,10
"111,112,113,114,115,116,117,118,119,120",spectral,1250,0.5619094579940824,10
"111,112,113,114,115,116,117,118,119,120",parity_sim,1250,0.5796189282379318,10
"111,112,113,114,115,116,117,118,119,120",parity_hw,1250,0.4857101430740894,10
"111,112,113,114,115,116,117,118,119,120",mse_sim,1250,0.5647428491329418,10
"111,112,113,114,115,116,117,118,119,120",mse_hw,1250,0.48079416156348387,10
"111,112,113,114,115,116,117,118,119,120",target,1258,0.7490298497884547,10
"111,112,113,114,115,116,117,118,119,120",uniform,1258,0.26447180387150915,10
"111,112,113,114,115,116,117,118,119,120",spectral,1258,0.5637795381378511,10
"111,112,113,114,115,116,117,118,119,120",parity_sim,1258,0.5809688168243116,10
"111,112,113,114,115,116,117,118,119,120",parity_hw,1258,0.48726300646030396,10
"111,112,113,114,115,116,117,118,119,120",mse_sim,1258,0.5660930110202891,10
"111,112,113,114,115,116,117,118,119,120",mse_hw,1258,0.48236229803410857,10
"111,112,113,114,115,116,117,118,119,120",target,1270,0.751662818410024,10
"111,112,113,114,115,116,117,118,119,120",uniform,1270,0.266623780487855,10
"111,112,113,114,115,116,117,118,119,120",spectral,1270,0.5665606469972936,10
"111,112,113,114,115,116,117,118,119,120",parity_sim,1270,0.5829755592218145,10
"111,112,113,114,115,116,117,118,119,120",parity_hw,1270,0.4895747874643052,10
"111,112,113,114,115,116,117,118,119,120",mse_sim,1270,0.5681004205862792,10
"111,112,113,114,115,116,117,118,119,120",mse_hw,1270,0.48469715318053364,10
"111,112,113,114,115,116,117,118,119,120",target,1291,0.7561871131962453,10
"111,112,113,114,115,116,117,118,119,120",uniform,1291,0.2703746005144011,10
"111,112,113,114,115,116,117,118,119,120",spectral,1291,0.5713592522184315,10
"111,112,113,114,115,116,117,118,119,120",parity_sim,1291,0.5864361698761321,10
"111,112,113,114,115,116,117,118,119,120",parity_hw,1291,0.4935706331772698,10
"111,112,113,114,115,116,117,118,119,120",mse_sim,1291,0.5715629060308937,10
"111,112,113,114,115,116,117,118,119,120",mse_hw,1291,0.4887338132323869,10
"111,112,113,114,115,116,117,118,119,120",target,1311,0.7603996656838923,10
"111,112,113,114,115,116,117,118,119,120",uniform,1311,0.27392897370474223,10
"111,112,113,114,115,116,117,118,119,120",spectral,1311,0.5758499912912672,10
"111,112,113,114,115,116,117,118,119,120",parity_sim,1311,0.5896729729629475,10
"111,112,113,114,115,116,117,118,119,120",parity_hw,1311,0.4973185031820587,10
"111,112,113,114,115,116,117,118,119,120",mse_sim,1311,0.5748022799141016,10
"111,112,113,114,115,116,117,118,119,120",mse_hw,1311,0.49252100872029825,10
"111,112,113,114,115,116,117,118,119,120",target,1331,0.7645208610966565,10
"111,112,113,114,115,116,117,118,119,120",uniform,1331,0.2774660317511982,10
"111,112,113,114,115,116,117,118,119,120",spectral,1331,0.5802649488520514,10
"111,112,113,114,115,116,117,118,119,120",parity_sim,1331,0.5928538784726747,10
"111,112,113,114,115,116,117,118,119,120",parity_hw,1331,0.5010113855625098,10
"111,112,113,114,115,116,117,118,119,120",mse_sim,1331,0.577986467831402,10
"111,112,113,114,115,116,117,118,119,120",mse_hw,1331,0.4962535963343598,10
"111,112,113,114,115,116,117,118,119,120",target,1351,0.7685531629540586,10
"111,112,113,114,115,116,117,118,119,120",uniform,1351,0.2809858590045615,10
"111,112,113,114,115,116,117,118,119,120",spectral,1351,0.5846057022157589,10
"111,112,113,114,115,116,117,118,119,120",parity_sim,1351,0.5959804718720052,10
"111,112,113,114,115,116,117,118,119,120",parity_hw,1351,0.5046505203600797,10
"111,112,113,114,115,116,117,118,119,120",mse_sim,1351,0.581117005090295,10
"111,112,113,114,115,116,117,118,119,120",mse_hw,1351,0.4999327564962831,10
"111,112,113,114,115,116,117,118,119,120",target,1359,0.770141729450698,10
"111,112,113,114,115,116,117,118,119,120",uniform,1359,0.28238898410013513,10
"111,112,113,114,115,116,117,118,119,120",spectral,1359,0.5863215724162038,10
"111,112,113,114,115,116,117,118,119,120",parity_sim,1359,0.5972162450328795,10
"111,112,113,114,115,116,117,118,119,120",parity_hw,1359,0.5060913952863543,10
"111,112,113,114,115,116,117,118,119,120",mse_sim,1359,0.5823545303771651,10
"111,112,113,114,115,116,117,118,119,120",mse_hw,1359,0.5013897184264517,10
"111,112,113,114,115,116,117,118,119,120",target,1372,0.772694011885467,10
"111,112,113,114,115,116,117,118,119,120",uniform,1372,0.28466322481989736,10
"111,112,113,114,115,116,117,118,119,120",spectral,1372,0.589085314600656,10
"111,112,113,114,115,116,117,118,119,120",parity_sim,1372,0.5992066072401203,10
"111,112,113,114,115,116,117,118,119,120",parity_hw,1372,0.5084150798468002,10
"111,112,113,114,115,116,117,118,119,120",mse_sim,1372,0.584347942039958,10
"111,112,113,114,115,116,117,118,119,120",mse_hw,1372,0.5037396252572645,10
"111,112,113,114,115,116,117,118,119,120",target,1392,0.7765514372447264,10
"111,112,113,114,115,116,117,118,119,120",uniform,1392,0.2881479909170749,10
"111,112,113,114,115,116,117,118,119,120",spectral,1392,0.5932787205602879,10
"111,112,113,114,115,116,117,118,119,120",parity_sim,1392,0.6022265575001884,10
"111,112,113,114,115,116,117,118,119,120",parity_hw,1392,0.5119477464562614,10
"111,112,113,114,115,116,117,118,119,120",mse_sim,1392,0.5873730485230995,10
"111,112,113,114,115,116,117,118,119,120",mse_hw,1392,0.5073127996936607,10
"111,112,113,114,115,116,117,118,119,120",target,1412,0.7803269849519955,10
"111,112,113,114,115,116,117,118,119,120",uniform,1412,0.291615780961609,10
"111,112,113,114,115,116,117,118,119,120",spectral,1412,0.5974025018185933,10
"111,112,113,114,115,116,117,118,119,120",parity_sim,1412,0.605196658919268,10
"111,112,113,114,115,116,117,118,119,120",parity_hw,1412,0.515430214093773,10
"111,112,113,114,115,116,117,118,119,120",mse_sim,1412,0.5903488333987813,10
"111,112,113,114,115,116,117,118,119,120",mse_hw,1412,0.5108359315504482,10
"111,112,113,114,115,116,117,118,119,120",target,1432,0.784022803430207,10
"111,112,113,114,115,116,117,118,119,120",uniform,1432,0.29506667765241434,10
"111,112,113,114,115,116,117,118,119,120",spectral,1432,0.601458087431259,10
"111,112,113,114,115,116,117,118,119,120",parity_sim,1432,0.6081182627565833,10
"111,112,113,114,115,116,117,118,119,120",parity_hw,1432,0.5188635748009872,10
"111,112,113,114,115,116,117,118,119,120",mse_sim,1432,0.5932766093905216,10
"111,112,113,114,115,116,117,118,119,120",mse_hw,1432,0.5143100647221288,10
"111,112,113,114,115,116,117,118,119,120",target,1453,0.7878198777041643,10
"111,112,113,114,115,116,117,118,119,120",uniform,1453,0.2986720277476208,10
"111,112,113,114,115,116,117,118,119,120",spectral,1453,0.6056445825955474,10
"111,112,113,114,115,116,117,118,119,120",parity_sim,1453,0.6111351734658335,10
"111,112,113,114,115,116,117,118,119,120",parity_hw,1453,0.52241691063374,10
"111,112,113,114,115,116,117,118,119,120",mse_sim,1453,0.5963004873175054,10
"111,112,113,114,115,116,117,118,119,120",mse_hw,1453,0.5179062782811312,10
"111,112,113,114,115,116,117,118,119,120",target,1467,0.7903048514956239,10
"111,112,113,114,115,116,117,118,119,120",uniform,1467,0.301065344533825,10
"111,112,113,114,115,116,117,118,119,120",spectral,1467,0.6083954433382612,10
"111,112,113,114,115,116,117,118,119,120",parity_sim,1467,0.6131182561148899,10
"111,112,113,114,115,116,117,118,119,120",parity_hw,1467,0.5247569601950082,10
"111,112,113,114,115,116,117,118,119,120",mse_sim,1467,0.5982884725364189,10
"111,112,113,114,115,116,117,118,119,120",mse_hw,1467,0.5202749266208471,10
"111,112,113,114,115,116,117,118,119,120",target,1473,0.7913586762318057,10
"111,112,113,114,115,116,117,118,119,120",uniform,1473,0.30208854990264455,10
"111,112,113,114,115,116,117,118,119,120",spectral,1473,0.6095646916192036,10
"111,112,113,114,115,116,117,118,119,120",parity_sim,1473,0.6139613696399523,10
"111,112,113,114,115,116,117,118,119,120",parity_hw,1473,0.5257528785503285,10
"111,112,113,114,115,116,117,118,119,120",mse_sim,1473,0.5991337469693516,10
"111,112,113,114,115,116,117,118,119,120",mse_hw,1473,0.5212831006820184,10
"111,112,113,114,115,116,117,118,119,120",target,1493,0.7948238788095172,10
"111,112,113,114,115,116,117,118,119,120",uniform,1493,0.3054884284556775,10
"111,112,113,114,115,116,117,118,119,120",spectral,1493,0.6134207565544699,10
"111,112,113,114,115,116,117,118,119,120",parity_sim,1493,0.6167428855063529,10
"111,112,113,114,115,116,117,118,119,120",parity_hw,1493,0.5290428722084599,10
"111,112,113,114,115,116,117,118,119,120",mse_sim,1493,0.6019227116634795,10
"111,112,113,114,115,116,117,118,119,120",mse_hw,1493,0.5246139255180158,10
"111,112,113,114,115,116,117,118,119,120",target,1513,0.798217368036165,10
"111,112,113,114,115,116,117,118,119,120",uniform,1513,0.30887174448609683,10
"111,112,113,114,115,116,117,118,119,120",spectral,1513,0.6172140737097449,10
"111,112,113,114,115,116,117,118,119,120",parity_sim,1513,0.6194808807471532,10
"111,112,113,114,115,116,117,118,119,120",parity_hw,1513,0.5322878579536626,10
"111,112,113,114,115,116,117,118,119,120",mse_sim,1513,0.6046685113511541,10
"111,112,113,114,115,116,117,118,119,120",mse_hw,1513,0.5278996806724561,10
"111,112,113,114,115,116,117,118,119,120",target,1534,0.8017053446346326,10
"111,112,113,114,115,116,117,118,119,120",uniform,1534,0.31240648918155,10
"111,112,113,114,115,116,117,118,119,120",spectral,1534,0.6211309089400547,10
"111,112,113,114,115,116,117,118,119,120",parity_sim,1534,0.6223101592470157,10
"111,112,113,114,115,116,117,118,119,120",parity_hw,1534,0.5356476794742866,10
"111,112,113,114,115,116,117,118,119,120",mse_sim,1534,0.6075063367527972,10
"111,112,113,114,115,116,117,118,119,120",mse_hw,1534,0.531302203883793,10
"111,112,113,114,115,116,117,118,119,120",target,1554,0.8049574598648961,10
"111,112,113,114,115,116,117,118,119,120",uniform,1554,0.31575610385015807,10
"111,112,113,114,115,116,117,118,119,120",spectral,1554,0.6247995174952348,10
"111,112,113,114,115,116,117,118,119,120",parity_sim,1554,0.624962388172695,10
"111,112,113,114,115,116,117,118,119,120",parity_hw,1554,0.5388033026511165,10
"111,112,113,114,115,116,117,118,119,120",mse_sim,1554,0.6101670138029696,10
"111,112,113,114,115,116,117,118,119,120",mse_hw,1554,0.5344983585500455,10
"111,112,113,114,115,116,117,118,119,120",target,1574,0.8081432479580142,10
"111,112,113,114,115,116,117,118,119,120",uniform,1574,0.3190894008568767,10
"111,112,113,114,115,116,117,118,119,120",spectral,1574,0.6284091464359971,10
"111,112,113,114,115,116,117,118,119,120",parity_sim,1574,0.6275743830227485,10
"111,112,113,114,115,116,117,118,119,120",parity_hw,1574,0.5419166961788304,10
"111,112,113,114,115,116,117,118,119,120",mse_sim,1574,0.6127877325534306,10
"111,112,113,114,115,116,117,118,119,120",mse_hw,1574,0.5376521173512219,10
"111,112,113,114,115,116,117,118,119,120",target,1584,0.8097117890893154,10
"111,112,113,114,115,116,117,118,119,120",uniform,1584,0.3207499550932863,10
"111,112,113,114,115,116,117,118,119,120",spectral,1584,0.6301922125405068,10
"111,112,113,114,115,116,117,118,119,120",parity_sim,1584,0.6288656070454628,10
"111,112,113,114,115,116,117,118,119,120",parity_hw,1584,0.5434578261822718,10
"111,112,113,114,115,116,117,118,119,120",mse_sim,1584,0.6140834147009135,10
"111,112,113,114,115,116,117,118,119,120",mse_hw,1584,0.5392133581123505,10
"111,112,113,114,115,116,117,118,119,120",target,1594,0.8112643657723322,10
"111,112,113,114,115,116,117,118,119,120",uniform,1594,0.322406459693262,10
"111,112,113,114,115,116,117,118,119,120",spectral,1594,0.6319609730702712,10
"111,112,113,114,115,116,117,118,119,120",parity_sim,1594,0.6301471454034493,10
"111,112,113,114,115,116,117,118,119,120",parity_hw,1594,0.5449887189566236,10
"111,112,113,114,115,116,117,118,119,120",mse_sim,1594,0.6153694716176099,10
"111,112,113,114,115,116,117,118,119,120",mse_hw,1594,0.5407643088601963,10
"111,112,113,114,115,116,117,118,119,120",target,1615,0.8144736951471678,10
"111,112,113,114,115,116,117,118,119,120",uniform,1615,0.3258719816903202,10
"111,112,113,114,115,116,117,118,119,120",spectral,1615,0.6356294390970383,10
"111,112,113,114,115,116,117,118,119,120",parity_sim,1615,0.6328073794685966,10
"111,112,113,114,115,116,117,118,119,120",parity_hw,1615,0.5481707307059773,10
"111,112,113,114,115,116,117,118,119,120",mse_sim,1615,0.6180393796613071,10
"111,112,113,114,115,116,117,118,119,120",mse_hw,1615,0.5439882550547853,10
"111,112,113,114,115,116,117,118,119,120",target,1635,0.817467207882934,10
"111,112,113,114,115,116,117,118,119,120",uniform,1635,0.3291559991557597,10
"111,112,113,114,115,116,117,118,119,120",spectral,1635,0.6390663365111164,10
"111,112,113,114,115,116,117,118,119,120",parity_sim,1635,0.6353027017680339,10
"111,112,113,114,115,116,117,118,119,120",parity_hw,1635,0.5511605278169132,10
"111,112,113,114,115,116,117,118,119,120",mse_sim,1635,0.620544130824953,10
"111,112,113,114,115,116,117,118,119,120",mse_hw,1635,0.5470177306708716,10
"111,112,113,114,115,116,117,118,119,120",target,1655,0.8204008001759686,10
"111,112,113,114,115,116,117,118,119,120",uniform,1655,0.332424018516358,10
"111,112,113,114,115,116,117,118,119,120",spectral,1655,0.6424488558926325,10
"111,112,113,114,115,116,117,118,119,120",parity_sim,1655,0.6377616384902938,10
"111,112,113,114,115,116,117,118,119,120",parity_hw,1655,0.55411142859,10
"111,112,113,114,115,116,117,118,119,120",mse_sim,1655,0.6230126874186988,10
"111,112,113,114,115,116,117,118,119,120",mse_hw,1655,0.5500080316777866,10
"111,112,113,114,115,116,117,118,119,120",target,1675,0.8232759359955901,10
"111,112,113,114,115,116,117,118,119,120",uniform,1675,0.3356761177069506,10
"111,112,113,114,115,116,117,118,119,120",spectral,1675,0.6457780677455079,10
"111,112,113,114,115,116,117,118,119,120",parity_sim,1675,0.6401850597723746,10
"111,112,113,114,115,116,117,118,119,120",parity_hw,1675,0.5570241995346225,10
"111,112,113,114,115,116,117,118,119,120",mse_sim,1675,0.6254459017886717,10
"111,112,113,114,115,116,117,118,119,120",mse_hw,1675,0.552959901062694,10
"111,112,113,114,115,116,117,118,119,120",target,1696,0.8262334687766039,10
"111,112,113,114,115,116,117,118,119,120",uniform,1696,0.33907377262883154,10
"111,112,113,114,115,116,117,118,119,120",spectral,1696,0.6492175119883752,10
"111,112,113,114,115,116,117,118,119,120",parity_sim,1696,0.64269234860229,10
"111,112,113,114,115,116,117,118,119,120",parity_hw,1696,0.5600423874688876,10
"111,112,113,114,115,116,117,118,119,120",mse_sim,1696,0.627963641530126,10
"111,112,113,114,115,116,117,118,119,120",mse_hw,1696,0.5560187934749156,10
"111,112,113,114,115,116,117,118,119,120",target,1711,0.8283083784161892,10
"111,112,113,114,115,116,117,118,119,120",uniform,1711,0.34149002473647494,10
"111,112,113,114,115,116,117,118,119,120",spectral,1711,0.651639637112689,10
"111,112,113,114,115,116,117,118,119,120",parity_sim,1711,0.644460386312098,10
"111,112,113,114,115,116,117,118,119,120",parity_hw,1711,0.5621734675420916,10
"111,112,113,114,115,116,117,118,119,120",mse_sim,1711,0.6297392397550692,10
"111,112,113,114,115,116,117,118,119,120",mse_hw,1711,0.558178716356539,10
"111,112,113,114,115,116,117,118,119,120",target,1716,0.82899316473202,10
"111,112,113,114,115,116,117,118,119,120",uniform,1716,0.3422934775144051,10
"111,112,113,114,115,116,117,118,119,120",spectral,1716,0.6524406867264269,10
"111,112,113,114,115,116,117,118,119,120",parity_sim,1716,0.6450455624556997,10
"111,112,113,114,115,116,117,118,119,120",parity_hw,1716,0.5628793015886844,10
"111,112,113,114,115,116,117,118,119,120",mse_sim,1716,0.6303269524925407,10
"111,112,113,114,115,116,117,118,119,120",mse_hw,1716,0.5588941200697534,10
"111,112,113,114,115,116,117,118,119,120",target,1736,0.8316986087061352,10
"111,112,113,114,115,116,117,118,119,120",uniform,1736,0.34549749759414006,10
"111,112,113,114,115,116,117,118,119,120",spectral,1736,0.6556136693831861,10
"111,112,113,114,115,116,117,118,119,120",parity_sim,1736,0.6473657407755298,10
"111,112,113,114,115,116,117,118,119,120",parity_hw,1736,0.565680298307855,10
"111,112,113,114,115,116,117,118,119,120",mse_sim,1736,0.6326573533633165,10
"111,112,113,114,115,116,117,118,119,120",mse_hw,1736,0.5617331647006301,10
"111,112,113,114,115,116,117,118,119,120",target,1756,0.8343510988934721,10
"111,112,113,114,115,116,117,118,119,120",uniform,1756,0.3486859092766328,10
"111,112,113,114,115,116,117,118,119,120",spectral,1756,0.6587374344918828,10
"111,112,113,114,115,116,117,118,119,120",parity_sim,1756,0.6496536435639074,10
"111,112,113,114,115,116,117,118,119,120",parity_hw,1756,0.5684460642615554,10
"111,112,113,114,115,116,117,118,119,120",mse_sim,1756,0.6349555903996444,10
"111,112,113,114,115,116,117,118,119,120",mse_hw,1756,0.5645365961464166,10
"111,112,113,114,115,116,117,118,119,120",target,1777,0.8370806012280989,10
"111,112,113,114,115,116,117,118,119,120",uniform,1777,0.35201702619869696,10
"111,112,113,114,115,116,117,118,119,120",spectral,1777,0.6619654592365664,10
"111,112,113,114,115,116,117,118,119,120",parity_sim,1777,0.6520220095139908,10
"111,112,113,114,115,116,117,118,119,120",parity_hw,1777,0.5713129327303534,10
"111,112,113,114,115,116,117,118,119,120",mse_sim,1777,0.6373349134306798,10
"111,112,113,114,115,116,117,118,119,120",mse_hw,1777,0.5674425836420814,10
"111,112,113,114,115,116,117,118,119,120",target,1797,0.8396284386285251,10
"111,112,113,114,115,116,117,118,119,120",uniform,1797,0.35517367797027966,10
"111,112,113,114,115,116,117,118,119,120",spectral,1797,0.6649912820688897,10
"111,112,113,114,115,116,117,118,119,120",parity_sim,1797,0.6542460215395591,10
"111,112,113,114,115,116,117,118,119,120",parity_hw,1797,0.5740085467477225,10
"111,112,113,114,115,116,117,118,119,120",mse_sim,1797,0.639569449264516,10
"111,112,113,114,115,116,117,118,119,120",mse_hw,1797,0.5701750285551459,10
"111,112,113,114,115,116,117,118,119,120",target,1817,0.8421270567778644,10
"111,112,113,114,115,116,117,118,119,120",uniform,1817,0.358314952099533,10
"111,112,113,114,115,116,117,118,119,120",spectral,1817,0.6679707251374815,10
"111,112,113,114,115,116,117,118,119,120",parity_sim,1817,0.6564399294821214,10
"111,112,113,114,115,116,117,118,119,120",parity_hw,1817,0.5766709153650883,10
"111,112,113,114,115,116,117,118,119,120",mse_sim,1817,0.641773955861337,10
"111,112,113,114,115,116,117,118,119,120",mse_hw,1817,0.572873798633104,10
"111,112,113,114,115,116,117,118,119,120",target,1837,0.8445776106264754,10
"111,112,113,114,115,116,117,118,119,120",uniform,1837,0.36144092349870494,10
"111,112,113,114,115,116,117,118,119,120",spectral,1837,0.6709046766383594,10
"111,112,113,114,115,116,117,118,119,120",parity_sim,1837,0.6586044004660824,10
"111,112,113,114,115,116,117,118,119,120",parity_hw,1837,0.5793006558184306,10
"111,112,113,114,115,116,117,118,119,120",mse_sim,1837,0.643949089766388,10
"111,112,113,114,115,116,117,118,119,120",mse_hw,1837,0.5755394979533209,10
"111,112,113,114,115,116,117,118,119,120",target,1847,0.8457852154861316,10
"111,112,113,114,115,116,117,118,119,120",uniform,1847,0.3629981939847512,10
"111,112,113,114,115,116,117,118,119,120",spectral,1847,0.6723548651404855,10
"111,112,113,114,115,116,117,118,119,120",parity_sim,1847,0.6596757999033578,10
"111,112,113,114,115,116,117,118,119,120",parity_hw,1847,0.5806034790569814,10
"111,112,113,114,115,116,117,118,119,120",mse_sim,1847,0.6450258416427865,10
"111,112,113,114,115,116,117,118,119,120",mse_hw,1847,0.5768601308231055,10
"111,112,113,114,115,116,117,118,119,120",target,1858,0.8471001908776798,10
"111,112,113,114,115,116,117,118,119,120",uniform,1858,0.3647068054683516,10
"111,112,113,114,115,116,117,118,119,120",spectral,1858,0.6739373151606394,10
"111,112,113,114,115,116,117,118,119,120",parity_sim,1858,0.6608461205528628,10
"111,112,113,114,115,116,117,118,119,120",parity_hw,1858,0.582027425194093,10
"111,112,113,114,115,116,117,118,119,120",mse_sim,1858,0.6462020642546789,10
"111,112,113,114,115,116,117,118,119,120",mse_hw,1858,0.5783035345384366,10
"111,112,113,114,115,116,117,118,119,120",target,1878,0.8494556882906957,10
"111,112,113,114,115,116,117,118,119,120",uniform,1878,0.36780163892705753,10
"111,112,113,114,115,116,117,118,119,120",spectral,1878,0.6767807019945149,10
"111,112,113,114,115,116,117,118,119,120",parity_sim,1878,0.6629522450781927,10
"111,112,113,114,115,116,117,118,119,120",parity_hw,1878,0.5845921417667431,10
"111,112,113,114,115,116,117,118,119,120",mse_sim,1878,0.6483189531636039,10
"111,112,113,114,115,116,117,118,119,120",mse_hw,1878,0.5809032658106512,10
"111,112,113,114,115,116,117,118,119,120",target,1898,0.8517664488288756,10
"111,112,113,114,115,116,117,118,119,120",uniform,1898,0.3708813958916064,10
"111,112,113,114,115,116,117,118,119,120",spectral,1898,0.6795811851096172,10
"111,112,113,114,115,116,117,118,119,120",parity_sim,1898,0.6650308431673068,10
"111,112,113,114,115,116,117,118,119,120",parity_hw,1898,0.5871260177991107,10
"111,112,113,114,115,116,117,118,119,120",mse_sim,1898,0.6504083516200024,10
"111,112,113,114,115,116,117,118,119,120",mse_hw,1898,0.5834716799662159,10
"111,112,113,114,115,116,117,118,119,120",target,1918,0.854033503043022,10
"111,112,113,114,115,116,117,118,119,120",uniform,1918,0.3739461498071966,10
"111,112,113,114,115,116,117,118,119,120",spectral,1918,0.6823395749409964,10
"111,112,113,114,115,116,117,118,119,120",parity_sim,1918,0.6670825031381922,10
"111,112,113,114,115,116,117,118,119,120",parity_hw,1918,0.589629609950593,10
"111,112,113,114,115,116,117,118,119,120",mse_sim,1918,0.6524708398513763,10
"111,112,113,114,115,116,117,118,119,120",mse_hw,1918,0.58600932438281,10
"111,112,113,114,115,116,117,118,119,120",target,1939,0.8563679674520834,10
"111,112,113,114,115,116,117,118,119,120",uniform,1939,0.37714807435359227,10
"111,112,113,114,115,116,117,118,119,120",spectral,1939,0.6851914482097707,10
"111,112,113,114,115,116,117,118,119,120",parity_sim,1939,0.6692083782036135,10
"111,112,113,114,115,116,117,118,119,120",parity_hw,1939,0.5922263825330946,10
"111,112,113,114,115,116,117,118,119,120",mse_sim,1939,0.6546081063431567,10
"111,112,113,114,115,116,117,118,119,120",mse_hw,1939,0.5886413197197451,10
"111,112,113,114,115,116,117,118,119,120",target,1959,0.8585485275881461,10
"111,112,113,114,115,116,117,118,119,120",uniform,1959,0.38018230011880394,10
"111,112,113,114,115,116,117,118,119,120",spectral,1959,0.6878660050075582,10
"111,112,113,114,115,116,117,118,119,120",parity_sim,1959,0.6712065807478768,10
"111,112,113,114,115,116,117,118,119,120",parity_hw,1959,0.5946695753949807,10
"111,112,113,114,115,116,117,118,119,120",mse_sim,1959,0.656617171233865,10
"111,112,113,114,115,116,117,118,119,120",mse_hw,1959,0.5911175433462458,10
"111,112,113,114,115,116,117,118,119,120",target,1979,0.8606883544465876,10
"111,112,113,114,115,116,117,118,119,120",uniform,1979,0.3832017446404871,10
"111,112,113,114,115,116,117,118,119,120",spectral,1979,0.6905008311336214,10
"111,112,113,114,115,116,117,118,119,120",parity_sim,1979,0.6731795336703448,10
"111,112,113,114,115,116,117,118,119,120",parity_hw,1979,0.5970840990251911,10
"111,112,113,114,115,116,117,118,119,120",mse_sim,1979,0.6586009928602469,10
"111,112,113,114,115,116,117,118,119,120",mse_hw,1979,0.593564588629712,10
"111,112,113,114,115,116,117,118,119,120",target,1995,0.8623715084008202,10
"111,112,113,114,115,116,117,118,119,120",uniform,1995,0.3856067061629242,10
"111,112,113,114,115,116,117,118,119,120",spectral,1995,0.692580583993084,10
"111,112,113,114,115,116,117,118,119,120",parity_sim,1995,0.6747400669503563,10
"111,112,113,114,115,116,117,118,119,120",parity_hw,1995,0.5989954148821708,10
"111,112,113,114,115,116,117,118,119,120",mse_sim,1995,0.6601702215488827,10
"111,112,113,114,115,116,117,118,119,120",mse_hw,1995,0.5955015511273729,10
"111,112,113,114,115,116,117,118,119,120",target,2000,0.8628923419738834,10
"111,112,113,114,115,116,117,118,119,120",uniform,2000,0.3863563318591424,10
"111,112,113,114,115,116,117,118,119,120",spectral,2000,0.6932254482538746,10
"111,112,113,114,115,116,117,118,119,120",parity_sim,2000,0.6752245292741734,10
"111,112,113,114,115,116,117,118,119,120",parity_hw,2000,0.5995890443955935,10
"111,112,113,114,115,116,117,118,119,120",mse_sim,2000,0.6606574007465851,10
"111,112,113,114,115,116,117,118,119,120",mse_hw,2000,0.5961031271415551,10
