beta,model_key,seed,holdout_seed,holdout_mode,holdout_m_train,n,train_m,sigma,K,iqp_steps,artr_epochs,maxent_steps,TV,qH,Q80,R_Q10000
0.5,iqp_parity_mse,42,46,global,5000,12,200,1.0,512,600,600,600,0.34237304407609476,0.02410547513931233,4970.0,0.8997677896661804
0.5,classical_nnn_fields_parity,42,46,global,5000,12,200,1.0,512,600,600,600,0.5376241867943632,0.012320024951442911,3892.0,0.9411607040495378
0.5,classical_dense_fields_xent,42,46,global,5000,12,200,1.0,512,600,600,600,0.534461937462104,0.012493104987651497,3845.0,0.9459781705948813
0.5,classical_transformer_mle,42,46,global,5000,12,200,1.0,512,600,600,600,0.7622585283738803,0.0016372703290852377,12108973.0,0.25953953253893725
0.5,classical_maxent_parity,42,46,global,5000,12,200,1.0,512,600,600,600,0.642051366323146,0.010555553253613953,10117.0,0.7979036593210613
0.5,iqp_parity_mse,43,46,global,5000,12,200,1.0,512,600,600,600,0.3480742068954345,0.02692137369661693,2533.0,0.9299664463395905
0.5,classical_nnn_fields_parity,43,46,global,5000,12,200,1.0,512,600,600,600,0.5303964443590949,0.015130610584451094,3585.0,0.9508656480469737
0.5,classical_dense_fields_xent,43,46,global,5000,12,200,1.0,512,600,600,600,0.5463418549543174,0.015567105403086806,4142.0,0.9526331141936673
0.5,classical_transformer_mle,43,46,global,5000,12,200,1.0,512,600,600,600,0.6754715346662286,0.006473291091943223,1697280.0,0.5620327670804003
0.5,classical_maxent_parity,43,46,global,5000,12,200,1.0,512,600,600,600,0.633705380934118,0.010603108264476436,7464.0,0.8460553192922482
0.5,iqp_parity_mse,44,46,global,5000,12,200,1.0,512,600,600,600,0.3698219816449452,0.0267720220191342,3103.0,0.9234088876142508
0.5,classical_nnn_fields_parity,44,46,global,5000,12,200,1.0,512,600,600,600,0.5445782954419609,0.013629309995709795,4122.0,0.9585116019899947
0.5,classical_dense_fields_xent,44,46,global,5000,12,200,1.0,512,600,600,600,0.5545622395564099,0.012712171446847198,4378.0,0.9277903530111438
0.5,classical_transformer_mle,44,46,global,5000,12,200,1.0,512,600,600,600,0.6749367744161159,0.003509751664542678,1111116.0,0.3853591481538238
0.5,classical_maxent_parity,44,46,global,5000,12,200,1.0,512,600,600,600,0.6320930838518652,0.008724595293946784,16203.0,0.713190547709797
0.5,iqp_parity_mse,45,46,global,5000,12,200,1.0,512,600,600,600,0.34950495718615465,0.02601682943094315,2536.0,0.9405353734307319
0.5,classical_nnn_fields_parity,45,46,global,5000,12,200,1.0,512,600,600,600,0.533831296558732,0.015469914556767845,3231.0,0.9824678493458714
0.5,classical_dense_fields_xent,45,46,global,5000,12,200,1.0,512,600,600,600,0.539542568946559,0.013358670740503734,3164.0,0.9767582375691022
0.5,classical_transformer_mle,45,46,global,5000,12,200,1.0,512,600,600,600,0.6594763653013622,0.008584503672419938,408516.0,0.45125757385893606
0.5,classical_maxent_parity,45,46,global,5000,12,200,1.0,512,600,600,600,0.628183115949858,0.009202095515027816,12856.0,0.758470526584001
0.5,iqp_parity_mse,46,46,global,5000,12,200,1.0,512,600,600,600,0.3301801043613002,0.035207238723900816,1988.0,0.9866938061192105
0.5,classical_nnn_fields_parity,46,46,global,5000,12,200,1.0,512,600,600,600,0.5280621236493087,0.015463970770115097,3210.0,0.9786956877125856
0.5,classical_dense_fields_xent,46,46,global,5000,12,200,1.0,512,600,600,600,0.5511338393600747,0.013310528188517986,4162.0,0.9230169388041007
0.5,classical_transformer_mle,46,46,global,5000,12,200,1.0,512,600,600,600,0.7516921104828045,0.006534915404650657,3995012.0,0.29533957886559364
0.5,classical_maxent_parity,46,46,global,5000,12,200,1.0,512,600,600,600,0.6502817371417363,0.011434100112891768,9726.0,0.8040999308457548
0.6,iqp_parity_mse,42,46,global,5000,12,200,1.0,512,600,600,600,0.33558926293918423,0.029255835169633246,2117.0,0.9876714870592542
0.6,classical_nnn_fields_parity,42,46,global,5000,12,200,1.0,512,600,600,600,0.5448532512293063,0.017145370145154416,3271.0,0.9489312963986667
0.6,classical_dense_fields_xent,42,46,global,5000,12,200,1.0,512,600,600,600,0.5575392266672727,0.01719795269201026,3725.0,0.9087975996544039
0.6,classical_transformer_mle,42,46,global,5000,12,200,1.0,512,600,600,600,0.6997716906511076,0.003729100432600488,382962.0,0.44443402876713894
0.6,classical_maxent_parity,42,46,global,5000,12,200,1.0,512,600,600,600,0.6772153503800954,0.005735537731147462,22483.0,0.6610756197609448
0.6,iqp_parity_mse,43,46,global,5000,12,200,1.0,512,600,600,600,0.31256255092262814,0.03425285443007735,3219.0,0.9499034274332441
0.6,classical_nnn_fields_parity,43,46,global,5000,12,200,1.0,512,600,600,600,0.5730923555941123,0.019748011208542256,3745.0,0.926889176428846
0.6,classical_dense_fields_xent,43,46,global,5000,12,200,1.0,512,600,600,600,0.5535729444846905,0.020325644360961532,3253.0,0.9534950259416171
0.6,classical_transformer_mle,43,46,global,5000,12,200,1.0,512,600,600,600,0.5602252899000073,0.01153065081257316,16630.0,0.7448719715817733
0.6,classical_maxent_parity,43,46,global,5000,12,200,1.0,512,600,600,600,0.6364655432224917,0.008484022655382416,11224.0,0.7836952857569932
0.6,iqp_parity_mse,44,46,global,5000,12,200,1.0,512,600,600,600,0.37009702540399114,0.023654285419123473,4195.0,0.910645027964341
0.6,classical_nnn_fields_parity,44,46,global,5000,12,200,1.0,512,600,600,600,0.5497970758403887,0.015772529772981263,4095.0,0.9379287173127382
0.6,classical_dense_fields_xent,44,46,global,5000,12,200,1.0,512,600,600,600,0.5585523861833938,0.01619320367722489,4133.0,0.9437120686994318
0.6,classical_transformer_mle,44,46,global,5000,12,200,1.0,512,600,600,600,0.6918538321916354,0.002164593253972874,1498687.0,0.31339633628128594
0.6,classical_maxent_parity,44,46,global,5000,12,200,1.0,512,600,600,600,0.643501948515581,0.009703280184977337,8301.0,0.8344840790320905
0.6,iqp_parity_mse,45,46,global,5000,12,200,1.0,512,600,600,600,0.3381832427334452,0.03662251292227581,2085.0,0.9885941853576948
0.6,classical_nnn_fields_parity,45,46,global,5000,12,200,1.0,512,600,600,600,0.5390993275024232,0.016211550304061698,3466.0,0.9660813026195099
0.6,classical_dense_fields_xent,45,46,global,5000,12,200,1.0,512,600,600,600,0.5567317736128566,0.016313443500727883,3144.0,0.9699716011790237
0.6,classical_transformer_mle,45,46,global,5000,12,200,1.0,512,600,600,600,0.6119126436261002,0.002584560002206593,154414.0,0.3627048949436239
0.6,classical_maxent_parity,45,46,global,5000,12,200,1.0,512,600,600,600,0.6363730053859873,0.010155675743054548,8946.0,0.8221229601887368
0.6,iqp_parity_mse,46,46,global,5000,12,200,1.0,512,600,600,600,0.3536091945370313,0.04681404390777879,3480.0,0.9027521492733417
0.6,classical_nnn_fields_parity,46,46,global,5000,12,200,1.0,512,600,600,600,0.5484355585986935,0.017177179714244536,3671.0,0.9546138897992342
0.6,classical_dense_fields_xent,46,46,global,5000,12,200,1.0,512,600,600,600,0.5691522850141285,0.01514517157653363,3632.0,0.9454192988552224
0.6,classical_transformer_mle,46,46,global,5000,12,200,1.0,512,600,600,600,0.7039886515690831,0.007139656358026736,101788.0,0.5714273262322738
0.6,classical_maxent_parity,46,46,global,5000,12,200,1.0,512,600,600,600,0.6532019715852553,0.009240233031488743,10556.0,0.790154554189584
0.7,iqp_parity_mse,42,46,global,5000,12,200,1.0,512,600,600,600,0.3746072056405893,0.04873231262787764,1586.0,0.942360352145392
0.7,classical_nnn_fields_parity,42,46,global,5000,12,200,1.0,512,600,600,600,0.5544458227563706,0.02351001945884887,2495.0,0.9640966166980393
0.7,classical_dense_fields_xent,42,46,global,5000,12,200,1.0,512,600,600,600,0.570554666776975,0.024357113995167975,2755.0,0.9581743882615879
0.7,classical_transformer_mle,42,46,global,5000,12,200,1.0,512,600,600,600,0.6429513007574097,0.010131372073191668,3885448.0,0.4934583909215419
0.7,classical_maxent_parity,42,46,global,5000,12,200,1.0,512,600,600,600,0.6480406419641935,0.01747349230221535,7738.0,0.831082366110153
0.7,iqp_parity_mse,43,46,global,5000,12,200,1.0,512,600,600,600,0.3957003928200523,0.05266589325099266,2383.0,0.9169501012640104
0.7,classical_nnn_fields_parity,43,46,global,5000,12,200,1.0,512,600,600,600,0.5623454519286344,0.02743358480412084,4111.0,0.911184397119128
0.7,classical_dense_fields_xent,43,46,global,5000,12,200,1.0,512,600,600,600,0.5574775624873652,0.02608724107770457,3295.0,0.9641401202617181
0.7,classical_transformer_mle,43,46,global,5000,12,200,1.0,512,600,600,600,0.607351976951223,0.010103587579027408,100986.0,0.5539536468870587
0.7,classical_maxent_parity,43,46,global,5000,12,200,1.0,512,600,600,600,0.6484123811280829,0.00619010367732683,33696.0,0.6662906859300411
0.7,iqp_parity_mse,44,46,global,5000,12,200,1.0,512,600,600,600,0.37096688878204725,0.03567003229102952,2640.0,0.9355461022328188
0.7,classical_nnn_fields_parity,44,46,global,5000,12,200,1.0,512,600,600,600,0.5747790320374854,0.022340360696411404,2983.0,0.9548294247530192
0.7,classical_dense_fields_xent,44,46,global,5000,12,200,1.0,512,600,600,600,0.5901753156433912,0.023193630978038577,2906.0,0.9512580767220816
0.7,classical_transformer_mle,44,46,global,5000,12,200,1.0,512,600,600,600,0.7074175283296879,0.00740396524391741,124470.0,0.5199343092032392
0.7,classical_maxent_parity,44,46,global,5000,12,200,1.0,512,600,600,600,0.640263194353641,0.015183480287068236,8179.0,0.8278964386101938
0.7,iqp_parity_mse,45,46,global,5000,12,200,1.0,512,600,600,600,0.30843333158143194,0.05637922840805327,1874.0,0.9600155979589772
0.7,classical_nnn_fields_parity,45,46,global,5000,12,200,1.0,512,600,600,600,0.5510136750248892,0.024770270286602048,2734.0,0.956850254800458
0.7,classical_dense_fields_xent,45,46,global,5000,12,200,1.0,512,600,600,600,0.5598523266660098,0.023190327135909093,2877.0,0.9419733899658104
0.7,classical_transformer_mle,45,46,global,5000,12,200,1.0,512,600,600,600,0.7001744908043079,0.012061854591645193,1212992.0,0.42477792970013073
0.7,classical_maxent_parity,45,46,global,5000,12,200,1.0,512,600,600,600,0.6354836342006795,0.014205163264380203,10085.0,0.7987483691220392
0.7,iqp_parity_mse,46,46,global,5000,12,200,1.0,512,600,600,600,0.34616107243197886,0.04575546495686744,2410.0,0.9706184636250459
0.7,classical_nnn_fields_parity,46,46,global,5000,12,200,1.0,512,600,600,600,0.5537071793974795,0.030062627459083134,3960.0,0.9403479359153447
0.7,classical_dense_fields_xent,46,46,global,5000,12,200,1.0,512,600,600,600,0.5725214359072043,0.026672495386288634,3187.0,0.9548588005580954
0.7,classical_transformer_mle,46,46,global,5000,12,200,1.0,512,600,600,600,0.617714874201972,0.007097314828746964,106669.0,0.4761151227550943
0.7,classical_maxent_parity,46,46,global,5000,12,200,1.0,512,600,600,600,0.6357167343599843,0.012244107991276223,11691.0,0.7748801620360181
0.8,iqp_parity_mse,42,46,global,5000,12,200,1.0,512,600,600,600,0.39780259368367904,0.04172068233480094,1877.0,0.9796756479392643
0.8,classical_nnn_fields_parity,42,46,global,5000,12,200,1.0,512,600,600,600,0.5554783832520389,0.035838866928283385,3604.0,0.9367840086038693
0.8,classical_dense_fields_xent,42,46,global,5000,12,200,1.0,512,600,600,600,0.5762440091701728,0.03581554274052574,3834.0,0.9253742494134307
0.8,classical_transformer_mle,42,46,global,5000,12,200,1.0,512,600,600,600,0.5032400090413932,0.019270189159150044,10905.0,0.7915341137450264
0.8,classical_maxent_parity,42,46,global,5000,12,200,1.0,512,600,600,600,0.6380878368084235,0.011503483585369697,14321.0,0.744032979592966
0.8,iqp_parity_mse,43,46,global,5000,12,200,1.0,512,600,600,600,0.3473920710296269,0.05173651337894392,3024.0,0.9287607027198463
0.8,classical_nnn_fields_parity,43,46,global,5000,12,200,1.0,512,600,600,600,0.5610403539270912,0.03321974937088276,3283.0,0.9367404478559568
0.8,classical_dense_fields_xent,43,46,global,5000,12,200,1.0,512,600,600,600,0.5858137572485159,0.034535125763856735,5320.0,0.8769159329662821
0.8,classical_transformer_mle,43,46,global,5000,12,200,1.0,512,600,600,600,0.562142719463349,0.017115683976688487,12620.0,0.7786726881622203
0.8,classical_maxent_parity,43,46,global,5000,12,200,1.0,512,600,600,600,0.6310205969037852,0.007544631086860187,22703.0,0.6824696012737721
0.8,iqp_parity_mse,44,46,global,5000,12,200,1.0,512,600,600,600,0.3622965954956293,0.06008863161936864,1924.0,0.9766121033410521
0.8,classical_nnn_fields_parity,44,46,global,5000,12,200,1.0,512,600,600,600,0.5728412495406549,0.0362425233441872,3593.0,0.9216468814323647
0.8,classical_dense_fields_xent,44,46,global,5000,12,200,1.0,512,600,600,600,0.5905946110733191,0.030094069624354066,3376.0,0.9464162212065463
0.8,classical_transformer_mle,44,46,global,5000,12,200,1.0,512,600,600,600,0.5807731206236113,0.00933117290278725,42100.0,0.6214428838166498
0.8,classical_maxent_parity,44,46,global,5000,12,200,1.0,512,600,600,600,0.6398884990147488,0.015946802456624345,6283.0,0.8576361164988636
0.8,iqp_parity_mse,45,46,global,5000,12,200,1.0,512,600,600,600,0.29630155256207913,0.07517180553070221,2857.0,0.9315987230462547
0.8,classical_nnn_fields_parity,45,46,global,5000,12,200,1.0,512,600,600,600,0.5685734157517999,0.03479722807670236,4126.0,0.9210491373199551
0.8,classical_dense_fields_xent,45,46,global,5000,12,200,1.0,512,600,600,600,0.5750890621088294,0.03570856389590896,3548.0,0.9195340600436459
0.8,classical_transformer_mle,45,46,global,5000,12,200,1.0,512,600,600,600,0.4577329226549274,0.013688884024281789,4934.0,0.9123462823576173
0.8,classical_maxent_parity,45,46,global,5000,12,200,1.0,512,600,600,600,0.6189859070012442,0.016772290020557166,11188.0,0.7892566675706401
0.8,iqp_parity_mse,46,46,global,5000,12,200,1.0,512,600,600,600,0.4004157904393825,0.06217006482184899,2076.0,0.9780794131238926
0.8,classical_nnn_fields_parity,46,46,global,5000,12,200,1.0,512,600,600,600,0.5761930666028161,0.029347092659917962,3580.0,0.916937592984732
0.8,classical_dense_fields_xent,46,46,global,5000,12,200,1.0,512,600,600,600,0.5839170733595975,0.027088950437715625,4043.0,0.9099237892183496
0.8,classical_transformer_mle,46,46,global,5000,12,200,1.0,512,600,600,600,0.63770701464962,0.01139624809936217,30807.0,0.7202564296377878
0.8,classical_maxent_parity,46,46,global,5000,12,200,1.0,512,600,600,600,0.624287619472659,0.015019965486246237,16810.0,0.7287494584259695
0.9,iqp_parity_mse,42,46,global,5000,12,200,1.0,512,600,600,600,0.4144937324398879,0.059226643409423525,2170.0,0.8973866752607058
0.9,classical_nnn_fields_parity,42,46,global,5000,12,200,1.0,512,600,600,600,0.5859354819504301,0.03670470916012262,4807.0,0.9020079719123995
0.9,classical_dense_fields_xent,42,46,global,5000,12,200,1.0,512,600,600,600,0.596469469079379,0.03443149532571833,5230.0,0.8808324336904239
0.9,classical_transformer_mle,42,46,global,5000,12,200,1.0,512,600,600,600,0.4863462853906234,0.024446361603925586,7878.0,0.8206552068138835
0.9,classical_maxent_parity,42,46,global,5000,12,200,1.0,512,600,600,600,0.6231742603128121,0.010133910222645481,13199.0,0.7704047039846613
0.9,iqp_parity_mse,43,46,global,5000,12,200,1.0,512,600,600,600,0.36693396235693576,0.08366002455733214,1926.0,0.9616934481926656
0.9,classical_nnn_fields_parity,43,46,global,5000,12,200,1.0,512,600,600,600,0.5886322460469995,0.039679685113719554,4971.0,0.889981063228902
0.9,classical_dense_fields_xent,43,46,global,5000,12,200,1.0,512,600,600,600,0.5876696226833471,0.04344776101967069,6107.0,0.8658140456515164
0.9,classical_transformer_mle,43,46,global,5000,12,200,1.0,512,600,600,600,0.44331930809555975,0.02007781562150588,6468.0,0.8487105106140247
0.9,classical_maxent_parity,43,46,global,5000,12,200,1.0,512,600,600,600,0.6086039753541028,0.008089949085167785,21992.0,0.7104630091168375
0.9,iqp_parity_mse,44,46,global,5000,12,200,1.0,512,600,600,600,0.44082017254481015,0.051189863384364244,2486.0,0.9781345304771267
0.9,classical_nnn_fields_parity,44,46,global,5000,12,200,1.0,512,600,600,600,0.5810389195029129,0.04333670292834177,3157.0,0.9084714887781062
0.9,classical_dense_fields_xent,44,46,global,5000,12,200,1.0,512,600,600,600,0.5851801003973873,0.03829809697258797,2770.0,0.9594213768268631
0.9,classical_transformer_mle,44,46,global,5000,12,200,1.0,512,600,600,600,0.5284615829223885,0.00974082211727295,22081.0,0.7393093682530221
0.9,classical_maxent_parity,44,46,global,5000,12,200,1.0,512,600,600,600,0.6284762506516433,0.014570587782022915,13527.0,0.7558788200249581
0.9,iqp_parity_mse,45,46,global,5000,12,200,1.0,512,600,600,600,0.2995459338073507,0.09947125734380315,1664.0,0.9738868242259737
0.9,classical_nnn_fields_parity,45,46,global,5000,12,200,1.0,512,600,600,600,0.5712286884700792,0.045845093850491556,4543.0,0.892678540416026
0.9,classical_dense_fields_xent,45,46,global,5000,12,200,1.0,512,600,600,600,0.586597841921828,0.04494935876099002,4115.0,0.9172857154976308
0.9,classical_transformer_mle,45,46,global,5000,12,200,1.0,512,600,600,600,0.4832780143124831,0.010034211098643175,6946.0,0.8599421725279306
0.9,classical_maxent_parity,45,46,global,5000,12,200,1.0,512,600,600,600,0.60415725819933,0.008470743571413428,192677.0,0.5217473932192422
0.9,iqp_parity_mse,46,46,global,5000,12,200,1.0,512,600,600,600,0.4559885827985046,0.06740545336091358,3682.0,0.8833474030744952
0.9,classical_nnn_fields_parity,46,46,global,5000,12,200,1.0,512,600,600,600,0.5861760317306438,0.03407549875440233,4040.0,0.8864699560703251
0.9,classical_dense_fields_xent,46,46,global,5000,12,200,1.0,512,600,600,600,0.6002123233857507,0.032871375452798536,4506.0,0.908522606778889
0.9,classical_transformer_mle,46,46,global,5000,12,200,1.0,512,600,600,600,0.5974457478722267,0.010266017292258007,49858.0,0.6390556943190371
0.9,classical_maxent_parity,46,46,global,5000,12,200,1.0,512,600,600,600,0.8206541555670919,0.0024030092133067063,303660.0,0.32830448291482367
1.0,iqp_parity_mse,42,46,global,5000,12,200,1.0,512,600,600,600,0.3362627041875648,0.13516806473466722,2567.0,0.9188482868320464
1.0,classical_nnn_fields_parity,42,46,global,5000,12,200,1.0,512,600,600,600,0.5903889226083329,0.034596335498264366,6842.0,0.8500212262226139
1.0,classical_dense_fields_xent,42,46,global,5000,12,200,1.0,512,600,600,600,0.6007685623132446,0.032729935933921074,7109.0,0.8324148649511812
1.0,classical_transformer_mle,42,46,global,5000,12,200,1.0,512,600,600,600,0.45088216696781735,0.02376656062030994,6306.0,0.8634242570264099
1.0,classical_maxent_parity,42,46,global,5000,12,200,1.0,512,600,600,600,0.6018421559035985,0.005926502024811918,159783.0,0.5108652802095948
1.0,iqp_parity_mse,43,46,global,5000,12,200,1.0,512,600,600,600,0.3527660991644497,0.09577336658209895,3107.0,0.9326208142339233
1.0,classical_nnn_fields_parity,43,46,global,5000,12,200,1.0,512,600,600,600,0.5887859110382029,0.03288495734403857,7325.0,0.8417430799790011
1.0,classical_dense_fields_xent,43,46,global,5000,12,200,1.0,512,600,600,600,0.5958722954779103,0.03156195411951112,10488.0,0.793708091470961
1.0,classical_transformer_mle,43,46,global,5000,12,200,1.0,512,600,600,600,0.5184193777423414,0.004056252827074559,15167906.0,0.30272476309754504
1.0,classical_maxent_parity,43,46,global,5000,12,200,1.0,512,600,600,600,0.6096254871175857,0.004893923320971025,2352073.0,0.4098756013841715
1.0,iqp_parity_mse,44,46,global,5000,12,200,1.0,512,600,600,600,0.4481012426974558,0.0589265090054754,3184.0,0.9013634093244993
1.0,classical_nnn_fields_parity,44,46,global,5000,12,200,1.0,512,600,600,600,0.5988900903004108,0.035160707088140196,5731.0,0.883342814272045
1.0,classical_dense_fields_xent,44,46,global,5000,12,200,1.0,512,600,600,600,0.5965809929905839,0.035764196556604434,5830.0,0.8779176080817978
1.0,classical_transformer_mle,44,46,global,5000,12,200,1.0,512,600,600,600,0.5328079051799146,0.008557012008256806,125634.0,0.5832827011884201
1.0,classical_maxent_parity,44,46,global,5000,12,200,1.0,512,600,600,600,0.5929544156680656,0.011654202043261076,36574.0,0.7150160357047308
1.0,iqp_parity_mse,45,46,global,5000,12,200,1.0,512,600,600,600,0.4196244796003379,0.0625732080966557,2825.0,0.9319496483357744
1.0,classical_nnn_fields_parity,45,46,global,5000,12,200,1.0,512,600,600,600,0.5878970224053109,0.04313804877831824,22421.0,0.711479098758321
1.0,classical_dense_fields_xent,45,46,global,5000,12,200,1.0,512,600,600,600,0.5887583442004779,0.037488302688004835,7001.0,0.8460818539743717
1.0,classical_transformer_mle,45,46,global,5000,12,200,1.0,512,600,600,600,0.4795098206616181,0.013172134812953406,10082.0,0.7987867001712239
1.0,classical_maxent_parity,45,46,global,5000,12,200,1.0,512,600,600,600,0.5994012906098797,0.005863267617554067,62923.0,0.4488814728453896
1.0,iqp_parity_mse,46,46,global,5000,12,200,1.0,512,600,600,600,0.4558522384104348,0.061567668178016455,3963.0,0.9190514620322713
1.0,classical_nnn_fields_parity,46,46,global,5000,12,200,1.0,512,600,600,600,0.5951023797500687,0.028749072453658115,7380.0,0.8436938290019637
1.0,classical_dense_fields_xent,46,46,global,5000,12,200,1.0,512,600,600,600,0.6148592120253351,0.026699649200804167,10288.0,0.7962053292000951
1.0,classical_transformer_mle,46,46,global,5000,12,200,1.0,512,600,600,600,0.4644940600308304,0.015791947285676455,6404.0,0.8591709137742696
1.0,classical_maxent_parity,46,46,global,5000,12,200,1.0,512,600,600,600,0.634194709124735,0.005158921291284259,741940.0,0.43116708563782974
1.1,iqp_parity_mse,42,46,global,5000,12,200,1.0,512,600,600,600,0.34568769039776726,0.14366639754405183,2770.0,0.9633345708914621
1.1,classical_nnn_fields_parity,42,46,global,5000,12,200,1.0,512,600,600,600,0.591232685678485,0.04564047849540752,8457.0,0.8236637191157028
1.1,classical_dense_fields_xent,42,46,global,5000,12,200,1.0,512,600,600,600,0.6070383305372415,0.04754247841561418,12771.0,0.7659360423933956
1.1,classical_transformer_mle,42,46,global,5000,12,200,1.0,512,600,600,600,0.4614486466089831,0.037841705856065555,8626.0,0.8174229175637399
1.1,classical_maxent_parity,42,46,global,5000,12,200,1.0,512,600,600,600,0.5559396042435858,0.007392705050335624,2423053.0,0.47621349879815933
1.1,iqp_parity_mse,43,46,global,5000,12,200,1.0,512,600,600,600,0.3277134771587982,0.1350233474751866,3624.0,0.9153276947853255
1.1,classical_nnn_fields_parity,43,46,global,5000,12,200,1.0,512,600,600,600,0.5948238967701143,0.03558879853796337,37098.0,0.6369443782250162
1.1,classical_dense_fields_xent,43,46,global,5000,12,200,1.0,512,600,600,600,0.59445937626956,0.03951348829136714,11568.0,0.7796377333348504
1.1,classical_transformer_mle,43,46,global,5000,12,200,1.0,512,600,600,600,0.4642287859412722,0.00880665951276992,36596.0,0.638757858847696
1.1,classical_maxent_parity,43,46,global,5000,12,200,1.0,512,600,600,600,0.5597082520930848,0.0035379290310428306,1568171015.0,0.08715114928989014
1.1,iqp_parity_mse,44,46,global,5000,12,200,1.0,512,600,600,600,0.491579747296759,0.056980266887504745,10791.0,0.7926244671306546
1.1,classical_nnn_fields_parity,44,46,global,5000,12,200,1.0,512,600,600,600,0.6052941879912055,0.03213999009969902,14523.0,0.7418431780139837
1.1,classical_dense_fields_xent,44,46,global,5000,12,200,1.0,512,600,600,600,0.6108076280363794,0.03436379655185136,22637.0,0.709627560210716
1.1,classical_transformer_mle,44,46,global,5000,12,200,1.0,512,600,600,600,0.49759729756326565,0.017866966567633313,12137.0,0.7703193501141544
1.1,classical_maxent_parity,44,46,global,5000,12,200,1.0,512,600,600,600,0.5717356798697534,0.004809072956482671,722269544.0,0.3856722085408832
1.1,iqp_parity_mse,45,46,global,5000,12,200,1.0,512,600,600,600,0.367208902889381,0.12880846653481134,2705.0,0.9297972618385135
1.1,classical_nnn_fields_parity,45,46,global,5000,12,200,1.0,512,600,600,600,0.5887965201131359,0.04223357799433722,32778.0,0.6742716135612058
1.1,classical_dense_fields_xent,45,46,global,5000,12,200,1.0,512,600,600,600,0.6155449559682797,0.03074374510582294,13783.0,0.769571763326141
1.1,classical_transformer_mle,45,46,global,5000,12,200,1.0,512,600,600,600,0.47938655862651713,0.016012006857430875,60670.0,0.6843327098095211
1.1,classical_maxent_parity,45,46,global,5000,12,200,1.0,512,600,600,600,0.5817255985012778,0.0126540673754076,849357.0,0.5736258013810456
1.1,iqp_parity_mse,46,46,global,5000,12,200,1.0,512,600,600,600,0.4815681546349894,0.041631921695693214,7419.0,0.8185690006924607
1.1,classical_nnn_fields_parity,46,46,global,5000,12,200,1.0,512,600,600,600,0.606891711656395,0.025662186099370564,7783.0,0.8331022281725305
1.1,classical_dense_fields_xent,46,46,global,5000,12,200,1.0,512,600,600,600,0.6062002563062793,0.032414174879444146,8698.0,0.8188683174918193
1.1,classical_transformer_mle,46,46,global,5000,12,200,1.0,512,600,600,600,0.5105225090090727,0.007867597068174423,14803.0,0.739817243395013
1.1,classical_maxent_parity,46,46,global,5000,12,200,1.0,512,600,600,600,0.5942538892670807,0.002235881118142545,2209618.0,0.29481674397829477
1.2,iqp_parity_mse,42,46,global,5000,12,200,1.0,512,600,600,600,0.34923470018072844,0.15985851108975366,16307.0,0.7776505486772215
1.2,classical_nnn_fields_parity,42,46,global,5000,12,200,1.0,512,600,600,600,0.5959013984234585,0.04141474732493539,17729.0,0.7329106802538641
1.2,classical_dense_fields_xent,42,46,global,5000,12,200,1.0,512,600,600,600,0.5984441160127039,0.03892399214997463,68463.0,0.6690745718477643
1.2,classical_transformer_mle,42,46,global,5000,12,200,1.0,512,600,600,600,0.5038721973569251,0.036919251468558796,8698.0,0.8186003061992639
1.2,classical_maxent_parity,42,46,global,5000,12,200,1.0,512,600,600,600,0.5687296902850203,0.0007431285263572291,382783899.0,0.07447821188782866
1.2,iqp_parity_mse,43,46,global,5000,12,200,1.0,512,600,600,600,0.4450363773596841,0.09047634326513912,6557.0,0.8552214885734193
1.2,classical_nnn_fields_parity,43,46,global,5000,12,200,1.0,512,600,600,600,0.5880134696621868,0.030320994587335975,48051.0,0.5697931343608512
1.2,classical_dense_fields_xent,43,46,global,5000,12,200,1.0,512,600,600,600,0.5956730512566271,0.02816233820255275,36639.0,0.6391212804946764
1.2,classical_transformer_mle,43,46,global,5000,12,200,1.0,512,600,600,600,0.47312492684456203,0.012427234410372575,15631.0,0.7221476915006306
1.2,classical_maxent_parity,43,46,global,5000,12,200,1.0,512,600,600,600,0.563193088233807,0.0021795062258881557,23222374.0,0.21428115595914704
1.2,iqp_parity_mse,44,46,global,5000,12,200,1.0,512,600,600,600,0.5138661013102193,0.06452593226395181,25430.0,0.7236921814932511
1.2,classical_nnn_fields_parity,44,46,global,5000,12,200,1.0,512,600,600,600,0.6067921508684111,0.031120391779408476,37118.0,0.6314321231621867
1.2,classical_dense_fields_xent,44,46,global,5000,12,200,1.0,512,600,600,600,0.6129887284754818,0.041970328219006335,27989.0,0.6605465972851712
1.2,classical_transformer_mle,44,46,global,5000,12,200,1.0,512,600,600,600,0.4863713772944628,0.010942364638106697,54447.0,0.6223540634614328
1.2,classical_maxent_parity,44,46,global,5000,12,200,1.0,512,600,600,600,0.5459974763075129,0.00101860517796983,8511871224736.0,0.0724713780181496
1.2,iqp_parity_mse,45,46,global,5000,12,200,1.0,512,600,600,600,0.46074675460896825,0.09275406205098817,4784.0,0.8860091398774843
1.2,classical_nnn_fields_parity,45,46,global,5000,12,200,1.0,512,600,600,600,0.5869011578456382,0.043983561817369475,48780.0,0.591641386229006
1.2,classical_dense_fields_xent,45,46,global,5000,12,200,1.0,512,600,600,600,0.5994993633412828,0.035117208374442065,61489.0,0.6451186641934935
1.2,classical_transformer_mle,45,46,global,5000,12,200,1.0,512,600,600,600,0.4959772254941961,0.012639210992396375,18070.0,0.7132779876198944
1.2,classical_maxent_parity,45,46,global,5000,12,200,1.0,512,600,600,600,0.6958862246158177,0.0031300628552995333,11975827005.0,0.2433827959976135
1.2,iqp_parity_mse,46,46,global,5000,12,200,1.0,512,600,600,600,0.49452320080239526,0.054463902220313894,5553.0,0.8844874929131862
1.2,classical_nnn_fields_parity,46,46,global,5000,12,200,1.0,512,600,600,600,0.6028280434534492,0.0344797511943882,16909.0,0.7130387982102168
1.2,classical_dense_fields_xent,46,46,global,5000,12,200,1.0,512,600,600,600,0.6113030123691392,0.04647214918510069,14921.0,0.7357606018547065
1.2,classical_transformer_mle,46,46,global,5000,12,200,1.0,512,600,600,600,0.5055121211224205,0.007863272137464263,169542.0,0.4987856621138934
1.2,classical_maxent_parity,46,46,global,5000,12,200,1.0,512,600,600,600,0.5658208970080489,0.005673522105096605,2147122518.0,0.4201119317974853
